"","statefp","district","sort","state_icpsr","nominate_dim1","nominate_dim2","party_code","st_name","state_abbrev","eff_gap","nom","nom_std","nom_1_std","nom_2_std","repub","dem","lib_cons","cbsa_name","cbsa_code","within_state","counter","nom_state","population","PVI","dem_chance","race_category","minority_chance","comp_count","maj_min","cbsa_title","z_pindex","lib_cons_str"
"1",4,1,1,61,-0.161,0.005,100,"Arizona","AZ","None",-0.1589209365,-0.49034828074292,-0.34385994083583,0.0382684320862654,FALSE,TRUE,0,"Phoenix",38060,1,1,0.038,710224,-2.46,32.48981104706,"Non-Hispanic White Majority",39.8499817857619,1,0,"Phoenix, AZ",0.0363,"Liberal"
"2",25,9,2,3,-0.329,-0.148,100,"Massachusetts","MA","None",-0.3905402796,-0.967608193986793,-0.51185994083583,-0.114731567913735,FALSE,TRUE,0,"Boston",14460,0,1,-1.259,727514,4.45,79.262344282914,"Non-Hispanic White Majority",1.49063255618636,1,0,"Boston, MA",-0.3572,"Liberal"
"3",47,3,3,,,,,,,,,,,,,,,,,,,,,,,,,,,,,
"4",27,7,4,33,-0.146,0.716,100,"Minnesota","MN","None",0.1517218932,0.14974234367632,-0.32885994083583,0.749268432086265,FALSE,TRUE,1,"Minneapolis",33460,0,1,-0.271,662988,-12.3,2.29498562962392,"Non-Hispanic White Majority",0.84519993174799,0,0,"Minneapolis, MN",-0.0724,"Conservative"
"5",6,24,5,,,,,,,,,,,,,,,,,,,,,,,,,,,,,
"6",6,1,6,71,0.559,0.075,200,"California","CA","None",0.5901859525,1.05321316826858,0.37614005916417,0.108268432086265,TRUE,FALSE,1,"Sacramento",40900,1,1,-0.587,702905,-11.04,3.34326116500435,"Non-Hispanic White Majority",1.65293503504064,0,0,"Sacramento, CA",-0.0763,"Conservative"
"7",12,1,7,,,,,,,,,,,,,,,,,,,,,,,,,,,,,
"8",13,9,8,44,0.636,0.044,200,"Georgia","GA","Repub",0.6542957588,1.18531370954163,0.45314005916417,0.0772684320862654,TRUE,FALSE,1,"Atlanta",12060,1,1,0.517,691975,-31.21,0.00747354406757028,"Non-Hispanic White Majority",0.680223293098793,0,0,"Atlanta, GA",0.0714,"Conservative"
"9",22,4,9,,,,,,,,,,,,,,,,,,,,,,,,,,,,,
"10",22,1,10,,,,,,,,,,,,,,,,,,,,,,,,,,,,,
"11",22,2,11,,,,,,,,,,,,,,,,,,,,,,,,,,,,,
"12",4,7,12,61,-0.421,0.12,100,"Arizona","AZ","None",-0.371102476,-0.927555906748494,-0.60385994083583,0.153268432086265,FALSE,TRUE,0,"Phoenix",38060,1,1,0.038,710224,22.97,99.9080266272958,"Maj-Min (Latino)",87.7009337714595,0,1,"Phoenix, AZ",0.0363,"Liberal"
"13",17,12,13,,,,,,,,,,,,,,,,,,,,,,,,,,,,,
"14",41,4,14,,,,,,,,,,,,,,,,,,,,,,,,,,,,,
"15",45,2,15,,,,,,,,,,,,,,,,,,,,,,,,,,,,,
"16",45,1,16,,,,,,,,,,,,,,,,,,,,,,,,,,,,,
"17",36,10,17,13,-0.509,-0.509,100,"New York","NY","Repub",-0.7206486643,-1.64780828839332,-0.69185994083583,-0.475731567913735,FALSE,TRUE,0,"NYC",35620,0,1,-0.775,717707,26.11,99.963781022942,"Non-Hispanic White Majority",10.3360194257969,0,0,"New York, NY",-0.3783,"Liberal"
"18",23,2,18,,,,,,,,,,,,,,,,,,,,,,,,,,,,,
"19",24,1,19,52,0.605,-0.299,200,"Maryland","MD","Dem",0.4806720027,0.827555770742949,0.42214005916417,-0.265731567913735,TRUE,FALSE,1,"Baltimore",12580,1,1,-0.809,722650,-14.09,1.10772780853292,"Non-Hispanic White Majority",1.66587572954088,0,0,"Baltimore, MD",0.0082,"Conservative"
"20",47,8,20,,,,,,,,,,,,,,,,,,,,,,,,,,,,,
"21",32,2,21,,,,,,,,,,,,,,,,,,,,,,,,,,,,,
"22",51,6,22,40,0.495,-0.004,200,"Virginia","VA","Repub",0.4933367492,0.853651932380175,0.31214005916417,0.0292684320862654,TRUE,FALSE,1,"DC",47900,0,1,0.275,727324,-13.14,1.85677897166297,"Non-Hispanic White Majority",1.64645503515156,0,0,"Washington, VA",-0.26,"Conservative"
"23",19,4,23,,,,,,,,,,,,,,,,,,,,,,,,,,,,,
"24",22,5,24,,,,,,,,,,,,,,,,,,,,,,,,,,,,,
"25",48,27,25,49,0.547,0.018,200,"Texas","TX","Repub",0.5544846286,0.979649317688755,0.36414005916417,0.0512684320862654,TRUE,FALSE,1,"Austin",12420,1,1,0.511,698487,-13.29,1.71263611709327,"Maj-Min (Coalition)",25.360511896201,0,1,"Austin, TX",-0.211,"Conservative"
"26",40,4,26,,,,,,,,,,,,,,,,,,,,,,,,,,,,,
"27",27,8,27,33,-0.372,-0.386,100,"Minnesota","MN","None",-0.5325037022,-1.26012888697843,-0.55485994083583,-0.352731567913735,FALSE,TRUE,0,"Minneapolis",33460,0,1,-0.271,662991,-4.34,20.9892171188158,"Non-Hispanic White Majority",1.11788886734589,1,0,"Minneapolis, MN",-0.0724,"Liberal"
"28",54,2,28,,,,,,,,,,,,,,,,,,,,,,,,,,,,,
"29",15,2,29,,,,,,,,,,,,,,,,,,,,,,,,,,,,,
"30",53,8,30,73,0.223,-0.16,200,"Washington","WA","None",0.156469968,0.1595259210615,0.0401400591641695,-0.126731567913735,TRUE,FALSE,1,"Seattle",42660,1,1,-0.352,672463,-0.31,47.0323745886611,"Non-Hispanic White Majority",2.05452413564721,1,0,"Seattle, WA",-0.3465,"Conservative"
"31",4,4,31,61,0.611,-0.324,200,"Arizona","AZ","None",0.4762766852,0.818499062349542,0.42814005916417,-0.290731567913735,TRUE,FALSE,1,"Phoenix",38060,1,1,0.038,710224,-21.29,0.159554211521088,"Non-Hispanic White Majority",1.67056737126934,0,0,"Phoenix, AZ",0.0363,"Conservative"
"32",13,12,32,,,,,,,,,,,,,,,,,,,,,,,,,,,,,
"33",13,3,33,44,0.672,0.189,200,"Georgia","GA","Repub",0.7505886003,1.3837285421079,0.48914005916417,0.222268432086265,TRUE,FALSE,1,"Atlanta",12060,1,1,0.517,691974,-17.97,0.414337468352058,"Non-Hispanic White Majority",4.93614493478946,0,0,"Atlanta, GA",0.0714,"Conservative"
"34",28,4,34,,,,,,,,,,,,,,,,,,,,,,,,,,,,,
"35",6,23,35,71,0.462,0.194,200,"California","CA","None",0.5426676638,0.955300040466174,0.27914005916417,0.227268432086265,TRUE,FALSE,1,"Los Angeles",31080,1,1,-0.587,702904,-13.89,1.43055379335976,"Non-Hispanic White Majority",9.52945247320059,0,0,"Los Angeles, CA",-0.3033,"Conservative"
"36",1,2,36,,,,,,,,,,,,,,,,,,,,,,,,,,,,,
"37",12,26,37,43,-0.204,0.032,100,"Florida","FL","None",-0.1906939936,-0.555817797546151,-0.38685994083583,0.0652684320862654,FALSE,TRUE,0,"Miami",33100,1,1,0.136,696345,5.54,84.4388673407209,"Maj-Min (Latino)",87.4248196191424,0,1,"Miami, FL",-0.3077,"Liberal"
"38",19,1,38,,,,,,,,,,,,,,,,,,,,,,,,,,,,,
"39",42,12,39,14,0.491,0.118,200,"Pennsylvania","PA","Repub",0.5400658986,0.949939010523624,0.30814005916417,0.151268432086265,TRUE,FALSE,1,"Pittsburgh",38300,1,1,0.212,705688,-11.15,3.24617589784528,"Non-Hispanic White Majority",0.732733392968903,0,0,"Pittsburgh, PA",0.0203,"Conservative"
"40",27,1,40,33,-0.274,0.132,100,"Minnesota","MN","None",-0.2191127236,-0.614375603784489,-0.45685994083583,0.165268432086265,FALSE,TRUE,0,"Minneapolis",33460,0,1,-0.271,662991,-5.25,16.75795078492,"Non-Hispanic White Majority",1.06097968782367,1,0,"Minneapolis, MN",-0.0724,"Liberal"
"41",36,13,41,13,-0.514,-0.341,100,"New York","NY","Repub",-0.6557921307,-1.51416908889921,-0.69685994083583,-0.307731567913735,FALSE,TRUE,0,"NYC",35620,0,1,-0.775,717707,43.39,99.999819009556,"Maj-Min (Latino)",94.4975837921857,0,1,"New York, NY",-0.3783,"Liberal"
"42",48,1,42,,,,,,,,,,,,,,,,,,,,,,,,,,,,,
"43",36,6,43,13,-0.385,-0.145,100,"New York","NY","Repub",-0.4452928415,-1.08042779960579,-0.56785994083583,-0.111731567913735,FALSE,TRUE,0,"NYC",35620,0,1,-0.775,717707,16.26,99.2850791207877,"Maj-Min (Coalition)",26.0185797655623,0,1,"New York, NY",-0.3783,"Liberal"
"44",8,2,44,62,-0.28,-0.688,100,"Colorado","CO","None",-0.5660791376,-1.32931226852015,-0.46285994083583,-0.654731567913735,FALSE,TRUE,0,"Denver",19740,1,1,0.04,718457,9.02,93.9492357227052,"Non-Hispanic White Majority",2.58255140419382,0,0,"Denver, CO",-0.1654,"Liberal"
"45",16,1,45,,,,,,,,,,,,,,,,,,,,,,,,,,,,,
"46",37,3,46,,,,,,,,,,,,,,,,,,,,,,,,,,,,,
"47",42,17,47,,,,,,,,,,,,,,,,,,,,,,,,,,,,,
"48",48,23,48,49,-0.216,0.378,100,"Texas","TX","Repub",-0.0588227994,-0.284092500941344,-0.39885994083583,0.411268432086265,FALSE,TRUE,0,"San Antonio",41700,1,1,0.511,698488,-1.3,40.004181067423,"Maj-Min (Latino)",76.2281578969409,1,1,"San Antonio, TX",0.0075,"Liberal"
"49",55,8,49,,,,,,,,,,,,,,,,,,,,,,,,,,,,,
"50",26,8,50,23,0.4,0.098,200,"Michigan","MI","Repub",0.4407496446,0.745294328722234,0.21714005916417,0.131268432086265,TRUE,FALSE,1,"Detroit",19820,1,1,0.047,705975,-4.11,22.1751654694876,"Non-Hispanic White Majority",1.37148215083452,1,0,"Detroit, MI",-2e-04,"Conservative"
"51",51,2,51,,,,,,,,,,,,,,,,,,,,,,,,,,,,,
"52",51,9,52,,,,,,,,,,,,,,,,,,,,,,,,,,,,,
"53",53,1,53,73,-0.278,-0.229,100,"Washington","WA","None",-0.3732211083,-0.931921424127831,-0.46085994083583,-0.195731567913735,FALSE,TRUE,0,"Seattle",42660,1,1,-0.352,672444,5.69,84.7170959346355,"Non-Hispanic White Majority",2.48447044336401,0,0,"Seattle, WA",-0.3465,"Liberal"
"54",53,4,54,,,,,,,,,,,,,,,,,,,,,,,,,,,,,
"55",53,6,55,73,-0.307,-0.046,100,"Washington","WA","None",-0.3261273842,-0.834883126818642,-0.48985994083583,-0.0127315679137346,FALSE,TRUE,0,"Seattle",42660,1,1,-0.352,672448,5.7,84.9912341102982,"Non-Hispanic White Majority",2.53228913911983,0,0,"Seattle, WA",-0.3465,"Liberal"
"56",54,3,56,,,,,,,,,,,,,,,,,,,,,,,,,,,,,
"57",72,98,57,,,,,,,,,,,,,,,,,,,,,,,,,,,,,
"58",26,3,58,,,,,,,,,,,,,,,,,,,,,,,,,,,,,
"59",36,12,59,13,-0.386,-0.283,100,"New York","NY","Repub",-0.5036749941,-1.20072630625011,-0.56885994083583,-0.249731567913735,FALSE,TRUE,0,"NYC",35620,0,1,-0.775,717707,30.57,99.9909448522388,"Non-Hispanic White Majority",9.58918408097498,0,0,"New York, NY",-0.3783,"Liberal"
"60",36,21,60,,,,,,,,,,,,,,,,,,,,,,,,,,,,,
"61",36,4,61,13,-0.294,-0.04,100,"New York","NY","Repub",-0.310632508,-0.802955382045858,-0.47685994083583,-0.00673156791373458,FALSE,TRUE,0,"NYC",35620,0,1,-0.775,717708,4.06,77.2409572370655,"Non-Hispanic White Majority",7.01404454717226,1,0,"New York, NY",-0.3783,"Liberal"
"62",1,1,62,,,,,,,,,,,,,,,,,,,,,,,,,,,,,
"63",28,2,63,,,,,,,,,,,,,,,,,,,,,,,,,,,,,
"64",42,7,64,14,0.221,0.072,200,"Pennsylvania","PA","Repub",0.2509385144,0.354181728541591,0.0381400591641695,0.105268432086265,TRUE,FALSE,1,"Philadelphia",37980,0,1,0.212,705688,-1.38,39.4933254598566,"Non-Hispanic White Majority",1.37253380128462,1,0,"Philadelphia, PA",-0.2616,"Conservative"
"65",42,2,65,14,-0.472,-0.054,100,"Pennsylvania","PA","Repub",-0.4944538858,-1.18172588388309,-0.65485994083583,-0.0207315679137346,FALSE,TRUE,0,"Philadelphia",37980,0,1,0.212,705688,40.08,99.9995007075726,"Maj-Min (African-American)",96.4703250139206,0,1,"Philadelphia, PA",-0.2616,"Liberal"
"66",42,11,66,,,,,,,,,,,,,,,,,,,,,,,,,,,,,
"67",45,3,67,,,,,,,,,,,,,,,,,,,,,,,,,,,,,
"68",8,3,68,,,,,,,,,,,,,,,,,,,,,,,,,,,,,
"69",8,4,69,62,0.454,-0.02,200,"Colorado","CO","None",0.445683746,0.755461220548206,0.27114005916417,0.0132684320862654,TRUE,FALSE,1,"Denver",19740,1,1,0.04,718456,-12.78,1.99485345803725,"Non-Hispanic White Majority",2.69652686519472,0,0,"Denver, CO",-0.1654,"Conservative"
"70",12,8,70,43,0.51,-0.309,200,"Florida","FL","None",0.3815138757,0.623236915261984,0.32714005916417,-0.275731567913735,TRUE,FALSE,1,"Orlando",36740,1,1,0.136,696344,-10.63,3.79358228883001,"Non-Hispanic White Majority",1.6128769628228,0,0,"Orlando, FL",-0.0138,"Conservative"
"71",12,4,71,,,,,,,,,,,,,,,,,,,,,,,,,,,,,
"72",37,1,72,,,,,,,,,,,,,,,,,,,,,,,,,,,,,
"73",37,7,73,,,,,,,,,,,,,,,,,,,,,,,,,,,,,
"74",37,11,74,,,,,,,,,,,,,,,,,,,,,,,,,,,,,
"75",48,17,75,49,0.606,0.331,200,"Texas","TX","Repub",0.7436340037,1.36939834789554,0.42314005916417,0.364268432086265,TRUE,FALSE,1,"Austin",12420,1,1,0.511,698487,-11.9,2.58479954786884,"Non-Hispanic White Majority",4.91799066840757,0,0,"Austin, TX",-0.211,"Conservative"
"76",48,14,76,49,0.715,0.056,200,"Texas","TX","Repub",0.7382855112,1.35837758843577,0.53214005916417,0.0892684320862654,TRUE,FALSE,1,"Houston",26420,1,1,0.511,698472,-11.66,2.81689244034613,"Non-Hispanic White Majority",6.63552139401455,0,0,"Houston, TX",0.0821,"Conservative"
"77",48,34,77,,,,,,,,,,,,,,,,,,,,,,,,,,,,,
"78",48,30,78,49,-0.486,0.206,100,"Texas","TX","Repub",-0.4003425838,-0.987806191224279,-0.66885994083583,0.239268432086265,FALSE,TRUE,0,"Dallas",19100,1,1,0.511,698487,29.18,99.986253742669,"Maj-Min (Coalition)",89.3716021873154,0,1,"Dallas, TX",0.0556,"Liberal"
"79",48,13,79,49,0.529,0.307,200,"Texas","TX","Repub",0.6566544989,1.19017397760225,0.34614005916417,0.340268432086265,TRUE,FALSE,1,"Dallas",19100,1,1,0.511,698488,-33.45,0.00374218453968132,"Non-Hispanic White Majority",1.66414688720915,0,0,"Dallas, TX",0.0556,"Conservative"
"80",41,5,80,72,-0.19,0.048,100,"Oregon","OR","None",-0.1700409904,-0.513261548212511,-0.37285994083583,0.0812684320862654,FALSE,TRUE,0,"Portland",38900,0,1,-0.792,766214,0.48,53.5744693732075,"Non-Hispanic White Majority",2.81865234387573,1,0,"Portland, OR",-0.3474,"Liberal"
"81",17,18,81,,,,,,,,,,,,,,,,,,,,,,,,,,,,,
"82",47,2,82,,,,,,,,,,,,,,,,,,,,,,,,,,,,,
"83",21,4,83,,,,,,,,,,,,,,,,,,,,,,,,,,,,,
"84",17,17,84,,,,,,,,,,,,,,,,,,,,,,,,,,,,,
"85",21,2,85,,,,,,,,,,,,,,,,,,,,,,,,,,,,,
"86",41,2,86,,,,,,,,,,,,,,,,,,,,,,,,,,,,,
"87",17,15,87,,,,,,,,,,,,,,,,,,,,,,,,,,,,,
"88",5,3,88,,,,,,,,,,,,,,,,,,,,,,,,,,,,,
"89",6,39,89,71,0.662,-0.368,200,"California","CA","None",0.5089809264,0.885887317185753,0.47914005916417,-0.334731567913735,TRUE,FALSE,1,"Los Angeles",31080,1,1,-0.587,702905,-0.19,48.5529367217135,"Maj-Min (Coalition)",11.2251739985536,1,1,"Los Angeles, CA",-0.3033,"Conservative"
"90",6,43,90,71,-0.657,-0.089,100,"California","CA","None",-0.6940073303,-1.59291286997374,-0.83985994083583,-0.0557315679137346,FALSE,TRUE,0,"Los Angeles",31080,1,1,-0.587,702904,29.48,99.9874545305249,"Maj-Min (Coalition)",77.3097395661217,0,1,"Los Angeles, CA",-0.3033,"Liberal"
"91",6,51,91,71,-0.392,0.123,100,"California","CA","None",-0.3408550379,-0.865229982280161,-0.57485994083583,0.156268432086265,FALSE,TRUE,0,"San Diego",41740,1,1,-0.587,702906,21.73,99.8674752873069,"Maj-Min (Latino)",89.9485957509598,0,1,"San Diego, CA",-0.1811,"Liberal"
"92",6,37,92,71,-0.576,-0.11,100,"California","CA","None",-0.621739397,-1.44400221719557,-0.75885994083583,-0.0767315679137346,FALSE,TRUE,0,"Los Angeles",31080,1,1,-0.587,702904,36.9,99.9986881706066,"Maj-Min (Coalition)",70.5110048095498,0,1,"Los Angeles, CA",-0.3033,"Liberal"
"93",6,40,93,71,-0.47,-0.199,100,"California","CA","None",-0.5527467273,-1.30184036182208,-0.65285994083583,-0.165731567913735,FALSE,TRUE,0,"Los Angeles",31080,1,1,-0.587,702904,33.3,99.9960708446754,"Maj-Min (Latino)",98.6903248184848,0,1,"Los Angeles, CA",-0.3033,"Liberal"
"94",6,3,94,71,-0.313,-0.099,100,"California","CA","None",-0.3541654573,-0.89265657594484,-0.49585994083583,-0.0657315679137346,FALSE,TRUE,0,"Sacramento",40900,1,1,-0.587,702906,4.72,80.8195227081594,"Non-Hispanic White Majority",11.0059540543379,1,0,"Sacramento, CA",-0.0763,"Liberal"
"95",6,21,95,,,,,,,,,,,,,,,,,,,,,,,,,,,,,
"96",10,0,96,,,,,,,,,,,,,,,,,,,,,,,,,,,,,
"97",32,4,97,,,,,,,,,,,,,,,,,,,,,,,,,,,,,
"98",34,12,98,12,-0.463,-0.33,100,"New Jersey","NJ","None",-0.600218191,-1.39965700504277,-0.645859940835831,-0.296731567913735,FALSE,TRUE,0,"NYC",35620,0,1,-0.376,732658,15.67,99.1758976801156,"Non-Hispanic White Majority",11.925958716609,0,0,"New York, NJ",-0.2539,"Liberal"
"99",25,2,99,3,-0.538,-0.3,100,"Massachusetts","MA","None",-0.66274381,-1.52849327191093,-0.72085994083583,-0.266731567913735,FALSE,TRUE,0,"Boston",14460,0,1,-1.259,727514,8.65,93.2372978711675,"Non-Hispanic White Majority",2.50318483458152,0,0,"Boston, MA",-0.3572,"Liberal"
"100",42,16,100,14,0.538,0.012,200,"Pennsylvania","PA","Repub",0.5429897524,0.955963715508316,0.35514005916417,0.0452684320862654,TRUE,FALSE,1,"Philadelphia",37980,0,1,0.212,705688,-4.88,18.5278264299205,"Non-Hispanic White Majority",2.72730338685115,1,0,"Philadelphia, PA",-0.2616,"Conservative"
"101",4,3,101,61,-0.598,-0.245,100,"Arizona","AZ","None",-0.6998741115,-1.60500158177587,-0.78085994083583,-0.211731567913735,FALSE,TRUE,0,"Phoenix",38060,1,1,0.038,710224,12.57,97.3452374680274,"Maj-Min (Latino)",75.9161021324239,0,1,"Phoenix, AZ",0.0363,"Liberal"
"102",49,3,102,,,,,,,,,,,,,,,,,,,,,,,,,,,,,
"103",29,3,103,34,0.445,0.237,200,"Missouri","MO","None",0.5435476099,0.957113200773618,0.26214005916417,0.270268432086265,TRUE,FALSE,1,"St. Louis",41180,0,1,0.445,748615,-18.43,0.360339650616304,"Non-Hispanic White Majority",0.580161122994106,0,0,"St. Louis, MO",-0.0895,"Conservative"
"104",40,2,104,,,,,,,,,,,,,,,,,,,,,,,,,,,,,
"105",39,2,105,24,0.577,0.175,200,"Ohio","OH","Repub",0.6497672225,1.17598249906183,0.394140059164169,0.208268432086265,TRUE,FALSE,1,"Cincinnati",17140,0,1,0.403,721031,-8.56,6.6105983153971,"Non-Hispanic White Majority",1.47171542249508,0,0,"Cincinnati, OH",0.1686,"Conservative"
"106",39,10,106,,,,,,,,,,,,,,,,,,,,,,,,,,,,,
"107",20,1,107,,,,,,,,,,,,,,,,,,,,,,,,,,,,,
"108",33,1,108,,,,,,,,,,,,,,,,,,,,,,,,,,,,,
"109",33,2,109,,,,,,,,,,,,,,,,,,,,,,,,,,,,,
"110",55,3,110,,,,,,,,,,,,,,,,,,,,,,,,,,,,,
"111",50,0,111,,,,,,,,,,,,,,,,,,,,,,,,,,,,,
"112",56,0,112,,,,,,,,,,,,,,,,,,,,,,,,,,,,,
"113",30,0,113,,,,,,,,,,,,,,,,,,,,,,,,,,,,,
"114",6,11,114,71,-0.552,-0.398,100,"California","CA","None",-0.7174934546,-1.64130686632928,-0.734859940835831,-0.364731567913735,FALSE,TRUE,0,"San Francisco",41860,1,1,-0.587,702906,21.08,99.838492209253,"Non-Hispanic White Majority",17.893971298538,0,0,"San Francisco, CA",-0.5886,"Liberal"
"115",51,10,115,40,0.284,-0.213,200,"Virginia","VA","Repub",0.1954318949,0.239808360357081,0.10114005916417,-0.179731567913735,TRUE,FALSE,1,"DC",47900,0,1,0.275,727119,0.7,54.6337974110147,"Non-Hispanic White Majority",3.07909928774582,1,0,"Washington, VA",-0.26,"Conservative"
"116",22,6,116,,,,,,,,,,,,,,,,,,,,,,,,,,,,,
"117",23,1,117,,,,,,,,,,,,,,,,,,,,,,,,,,,,,
"118",40,3,118,,,,,,,,,,,,,,,,,,,,,,,,,,,,,
"119",36,9,119,13,-0.611,-0.216,100,"New York","NY","Repub",-0.7008155432,-1.60694143535396,-0.79385994083583,-0.182731567913735,FALSE,TRUE,0,"NYC",35620,0,1,-0.775,717708,34.08,99.9969858480219,"Maj-Min (African-American)",92.9822406393879,0,1,"New York, NY",-0.3783,"Liberal"
"120",18,8,120,,,,,,,,,,,,,,,,,,,,,,,,,,,,,
"121",45,6,121,,,,,,,,,,,,,,,,,,,,,,,,,,,,,
"122",31,3,122,,,,,,,,,,,,,,,,,,,,,,,,,,,,,
"123",21,5,123,,,,,,,,,,,,,,,,,,,,,,,,,,,,,
"124",37,13,124,,,,,,,,,,,,,,,,,,,,,,,,,,,,,
"125",26,4,125,,,,,,,,,,,,,,,,,,,,,,,,,,,,,
"126",1,4,126,,,,,,,,,,,,,,,,,,,,,,,,,,,,,
"127",12,12,127,,,,,,,,,,,,,,,,,,,,,,,,,,,,,
"128",54,1,128,,,,,,,,,,,,,,,,,,,,,,,,,,,,,
"129",51,1,129,40,0.422,-0.035,200,"Virginia","VA","Repub",0.4074465555,0.676672126440291,0.23914005916417,-0.00173156791373458,TRUE,FALSE,1,"DC",47900,0,1,0.275,727166,-7.93,8.1922442186022,"Non-Hispanic White Majority",4.10221685386822,0,0,"Washington, VA",-0.26,"Conservative"
"130",6,29,130,71,-0.377,0.012,100,"California","CA","None",-0.3720102476,-0.929426402490614,-0.55985994083583,0.0452684320862654,FALSE,TRUE,0,"Los Angeles",31080,1,1,-0.587,702905,29.06,99.9856983353713,"Maj-Min (Latino)",90.786615587843,0,1,"Los Angeles, CA",-0.3033,"Liberal"
"131",21,1,131,,,,,,,,,,,,,,,,,,,,,,,,,,,,,
"132",42,10,132,,,,,,,,,,,,,,,,,,,,,,,,,,,,,
"133",31,1,133,,,,,,,,,,,,,,,,,,,,,,,,,,,,,
"134",51,5,134,40,0.568,0,200,"Virginia","VA","Repub",0.568,1.00749822225558,0.385140059164169,0.0332684320862654,TRUE,FALSE,1,"DC",47900,0,1,0.275,727401,-6.33,13.4836800163566,"Non-Hispanic White Majority",6.2154540554346,0,0,"Washington, VA",-0.26,"Conservative"
"135",6,2,135,71,-0.433,-0.501,100,"California","CA","None",-0.6413221627,-1.48435320400855,-0.615859940835831,-0.467731567913735,FALSE,TRUE,0,"San Francisco",41860,1,1,-0.587,702905,21.79,99.869078750353,"Non-Hispanic White Majority",8.81956914801907,0,0,"San Francisco, CA",-0.5886,"Liberal"
"136",16,2,136,,,,,,,,,,,,,,,,,,,,,,,,,,,,,
"137",20,2,137,,,,,,,,,,,,,,,,,,,,,,,,,,,,,
"138",47,4,138,,,,,,,,,,,,,,,,,,,,,,,,,,,,,
"139",29,8,139,34,0.269,0.274,200,"Missouri","MO","None",0.3829326798,0.626160411687685,0.0861400591641696,0.307268432086265,TRUE,FALSE,1,"St. Louis",41180,0,1,0.445,748616,-24.24,0.0615321716235947,"Non-Hispanic White Majority",0.518773995042601,0,0,"St. Louis, MO",-0.0895,"Conservative"
"140",49,2,140,,,,,,,,,,,,,,,,,,,,,,,,,,,,,
"141",49,1,141,,,,,,,,,,,,,,,,,,,,,,,,,,,,,
"142",12,2,142,,,,,,,,,,,,,,,,,,,,,,,,,,,,,
"143",12,5,143,43,-0.429,0.192,100,"Florida","FL","None",-0.3491639616,-0.88235081576124,-0.611859940835831,0.225268432086265,FALSE,TRUE,0,"Orlando",36740,1,1,0.136,696345,12.11,97.6002530690977,"Maj-Min (Coalition)",69.5628526662469,0,1,"Orlando, FL",-0.0138,"Liberal"
"144",42,9,144,14,0.375,0.324,200,"Pennsylvania","PA","Repub",0.5097233148,0.887417034948679,0.19214005916417,0.357268432086265,TRUE,FALSE,1,"Pittsburgh",38300,1,1,0.212,705688,-19.35,0.271656338221533,"Non-Hispanic White Majority",0.521413128802521,0,0,"Pittsburgh, PA",0.0203,"Conservative"
"145",34,10,145,12,-0.515,-0.123,100,"New Jersey","NJ","None",-0.5661449621,-1.32944790224891,-0.69785994083583,-0.0897315679137346,FALSE,TRUE,0,"NYC",35620,0,1,-0.376,732658,36.16,99.9983463019411,"Maj-Min (African-American)",93.8480379691646,0,1,"New York, NJ",-0.2539,"Liberal"
"146",35,2,146,,,,,,,,,,,,,,,,,,,,,,,,,,,,,
"147",6,22,147,,,,,,,,,,,,,,,,,,,,,,,,,,,,,
"148",55,7,148,,,,,,,,,,,,,,,,,,,,,,,,,,,,,
"149",53,3,149,,,,,,,,,,,,,,,,,,,,,,,,,,,,,
"150",13,2,150,,,,,,,,,,,,,,,,,,,,,,,,,,,,,
"151",48,4,151,49,0.424,0.308,200,"Texas","TX","Repub",0.5520703116,0.974674531444474,0.24114005916417,0.341268432086265,TRUE,FALSE,1,"Dallas",19100,1,1,0.511,698488,-27.77,0.021058735358314,"Non-Hispanic White Majority",1.10601480580625,0,0,"Dallas, TX",0.0556,"Conservative"
"152",19,2,152,,,,,,,,,,,,,,,,,,,,,,,,,,,,,
"153",35,3,153,,,,,,,,,,,,,,,,,,,,,,,,,,,,,
"154",6,4,154,71,0.745,-0.521,200,"California","CA","None",0.5283615833,0.925821851611532,0.56214005916417,-0.487731567913735,TRUE,FALSE,1,"Sacramento",40900,1,1,-0.587,702906,-10.19,4.27683941171836,"Non-Hispanic White Majority",1.63182767069161,0,0,"Sacramento, CA",-0.0763,"Conservative"
"155",6,44,155,71,-0.39,-0.376,100,"California","CA","None",-0.5463455752,-1.28865055973121,-0.57285994083583,-0.342731567913735,FALSE,TRUE,0,"Los Angeles",31080,1,1,-0.587,702904,35.1,99.997743460152,"Maj-Min (Latino)",96.3317444040629,0,1,"Los Angeles, CA",-0.3033,"Liberal"
"156",47,1,156,,,,,,,,,,,,,,,,,,,,,,,,,,,,,
"157",13,8,157,,,,,,,,,,,,,,,,,,,,,,,,,,,,,
"158",5,1,158,,,,,,,,,,,,,,,,,,,,,,,,,,,,,
"159",48,28,159,49,-0.226,0.627,100,"Texas","TX","Repub",0.0347145629,-0.0913554314942343,-0.40885994083583,0.660268432086265,FALSE,TRUE,0,"San Antonio",41700,1,1,0.511,698488,9.06,94.0352720518879,"Maj-Min (Latino)",90.3653114213185,0,1,"San Antonio, TX",0.0075,"Liberal"
"160",36,19,160,13,0.203,-0.455,200,"New York","NY","Repub",0.0138052215,-0.13443987482694,0.0201400591641696,-0.421731567913735,TRUE,FALSE,0,"NYC",35620,0,1,-0.775,717708,-1.75,36.9752788145523,"Non-Hispanic White Majority",1.48004234195745,1,0,"New York, NY",-0.3783,"Liberal"
"161",18,7,161,22,-0.429,0.059,100,"Indiana","IN","Repub",-0.4044670507,-0.996304802301081,-0.611859940835831,0.0922684320862654,FALSE,TRUE,0,"Indianapolis",26900,1,1,0.548,720423,11.48,97.0552403394794,"Non-Hispanic White Majority",24.5908099422277,0,0,"Indianapolis, IN",0.0574,"Liberal"
"162",53,2,162,73,-0.365,0.197,100,"Washington","WA","None",-0.2830848981,-0.746192549827334,-0.54785994083583,0.230268432086265,FALSE,TRUE,0,"Seattle",42660,1,1,-0.352,672454,9.93,95.38679012231,"Non-Hispanic White Majority",3.17819427904759,0,0,"Seattle, WA",-0.3465,"Liberal"
"163",1,7,163,,,,,,,,,,,,,,,,,,,,,,,,,,,,,
"164",28,3,164,,,,,,,,,,,,,,,,,,,,,,,,,,,,,
"165",48,26,165,49,0.57,-0.223,200,"Texas","TX","Repub",0.4772737679,0.820553586796982,0.387140059164169,-0.189731567913735,TRUE,FALSE,1,"Dallas",19100,1,1,0.511,698488,-17.88,0.42840107655542,"Non-Hispanic White Majority",2.07747900961623,0,0,"Dallas, TX",0.0556,"Conservative"
"166",5,4,166,,,,,,,,,,,,,,,,,,,,,,,,,,,,,
"167",6,45,167,71,0.748,-0.415,200,"California","CA","None",0.5754377295,1.02282392903115,0.56514005916417,-0.381731567913735,TRUE,FALSE,1,"Los Angeles",31080,1,1,-0.587,702906,-3.1,27.934553219395,"Non-Hispanic White Majority",4.52339658520044,1,0,"Los Angeles, CA",-0.3033,"Conservative"
"168",29,6,168,34,0.433,0.153,200,"Missouri","MO","None",0.4966193431,0.860415834129315,0.25014005916417,0.186268432086265,TRUE,FALSE,1,"Kansas City",28140,0,1,0.445,748616,-15.68,0.780459814336779,"Non-Hispanic White Majority",0.711014056952979,0,0,"Kansas City, MO",0.1311,"Conservative"
"169",46,0,169,,,,,,,,,,,,,,,,,,,,,,,,,,,,,
"170",26,9,170,23,-0.378,-0.095,100,"Michigan","MI","Repub",-0.4175022065,-1.02316420550534,-0.56085994083583,-0.0617315679137346,FALSE,TRUE,0,"Detroit",19820,1,1,0.047,705975,4.36,79.111675472439,"Non-Hispanic White Majority",2.72248477669181,1,0,"Detroit, MI",-2e-04,"Liberal"
"171",1,3,171,,,,,,,,,,,,,,,,,,,,,,,,,,,,,
"172",24,6,172,52,-0.275,0.031,100,"Maryland","MD","Dem",-0.2621098063,-0.702972625451552,-0.45785994083583,0.0642684320862654,FALSE,TRUE,0,"DC",47900,0,1,-0.809,728448,5.53,85.7522057073912,"Non-Hispanic White Majority",4.67731976590998,0,0,"Washington, MD",-0.3114,"Liberal"
"173",38,0,173,,,,,,,,,,,,,,,,,,,,,,,,,,,,,
"174",13,10,174,44,0.913,-0.408,200,"Georgia","GA","Repub",0.7433484184,1.36880988920433,0.73014005916417,-0.374731567913735,TRUE,FALSE,1,"Atlanta",12060,1,1,0.517,691976,-14.73,1.12454368623086,"Non-Hispanic White Majority",6.69684124206123,0,0,"Atlanta, GA",0.0714,"Conservative"
"175",13,11,175,44,0.561,0.272,200,"Georgia","GA","Repub",0.6741010544,1.22612322714632,0.37814005916417,0.305268432086265,TRUE,FALSE,1,"Atlanta",12060,1,1,0.517,691975,-17.07,0.557730154988231,"Non-Hispanic White Majority",2.56734703490186,0,0,"Atlanta, GA",0.0714,"Conservative"
"176",26,1,176,,,,,,,,,,,,,,,,,,,,,,,,,,,,,
"177",48,5,177,49,0.703,0.041,200,"Texas","TX","Repub",0.7200483207,1.32079920728958,0.520140059164169,0.0742684320862654,TRUE,FALSE,1,"Dallas",19100,1,1,0.511,698488,-16.48,0.654849237347213,"Non-Hispanic White Majority",4.8488373359392,0,0,"Dallas, TX",0.0556,"Conservative"
"178",17,10,178,21,-0.172,-0.203,100,"Illinois","IL","None",-0.2564099781,-0.691227926257485,-0.35485994083583,-0.169731567913735,FALSE,TRUE,0,"Chicago",16980,0,1,-0.428,712813,10.38,95.9302902419818,"Non-Hispanic White Majority",7.67932518927425,0,0,"Chicago, IL",-0.2089,"Liberal"
"179",6,8,179,71,0.383,0.198,200,"California","CA","None",0.4653309146,0.795944911832467,0.20014005916417,0.231268432086265,TRUE,FALSE,1,"Riverside",40140,1,1,-0.587,702905,-9.13,5.81274365661121,"Non-Hispanic White Majority",11.7492264791909,0,0,"Riverside, CA",-0.034,"Conservative"
"180",39,6,180,,,,,,,,,,,,,,,,,,,,,,,,,,,,,
"181",19,3,181,,,,,,,,,,,,,,,,,,,,,,,,,,,,,
"182",37,5,182,47,0.641,0.149,200,"North Carolina","NC","Repub",0.7029560923,1.28558006136615,0.45814005916417,0.182268432086265,TRUE,FALSE,1,"Charlotte",16740,0,1,0.472,733499,-9.65,5.01805458286033,"Non-Hispanic White Majority",2.86499814375304,0,0,"Charlotte, NC",0.0739,"Conservative"
"183",39,15,183,24,0.299,0.26,200,"Ohio","OH","Repub",0.407111302,0.675981324652395,0.11614005916417,0.293268432086265,TRUE,FALSE,1,"Columbus",18140,1,1,0.403,721031,-7.07,10.4201049588538,"Non-Hispanic White Majority",0.971391158343299,0,0,"Columbus, OH",-0.0087,"Conservative"
"184",53,5,184,,,,,,,,,,,,,,,,,,,,,,,,,,,,,
"185",13,1,185,,,,,,,,,,,,,,,,,,,,,,,,,,,,,
"186",26,5,186,,,,,,,,,,,,,,,,,,,,,,,,,,,,,
"187",34,3,187,12,0.222,0.089,200,"New Jersey","NJ","None",0.2590073303,0.370807811341386,0.0391400591641695,0.122268432086265,TRUE,FALSE,1,"NYC",35620,0,1,-0.376,732658,-1.98,35.2182389058157,"Non-Hispanic White Majority",2.51354708321445,1,0,"New York, NJ",-0.2539,"Conservative"
"188",36,8,188,13,-0.479,-0.099,100,"New York","NY","Repub",-0.5201654573,-1.23470549352716,-0.66185994083583,-0.0657315679137346,FALSE,TRUE,0,"NYC",35620,0,1,-0.775,717708,36.48,99.9985045088072,"Maj-Min (African-American)",94.4998615411561,0,1,"New York, NY",-0.3783,"Liberal"
"189",5,2,189,,,,,,,,,,,,,,,,,,,,,,,,,,,,,
"190",6,16,190,,,,,,,,,,,,,,,,,,,,,,,,,,,,,
"191",37,12,191,47,-0.526,-0.155,100,"North Carolina","NC","Repub",-0.5904509685,-1.37953129489873,-0.70885994083583,-0.121731567913735,FALSE,TRUE,0,"Charlotte",16740,0,1,0.472,733498,18.08,99.5869180127132,"Maj-Min (Coalition)",53.6654526105459,0,1,"Charlotte, NC",0.0739,"Liberal"
"192",13,7,192,44,0.65,-0.28,200,"Georgia","GA","Repub",0.533572444,0.936559015841094,0.46714005916417,-0.246731567913735,TRUE,FALSE,1,"Atlanta",12060,1,1,0.517,691975,-8.74,6.33394135499228,"Non-Hispanic White Majority",5.01244116050841,0,0,"Atlanta, GA",0.0714,"Conservative"
"193",17,3,193,21,-0.233,0.19,100,"Illinois","IL","None",-0.153995587,-0.480199422518887,-0.41585994083583,0.223268432086265,FALSE,TRUE,0,"Chicago",16980,0,1,-0.428,712813,5.99,85.9373500503899,"Non-Hispanic White Majority",10.252005771765,0,0,"Chicago, IL",-0.2089,"Liberal"
"194",48,12,194,49,0.392,0.229,200,"Texas","TX","Repub",0.4872211083,0.841050436294831,0.20914005916417,0.262268432086265,TRUE,FALSE,1,"Dallas",19100,1,1,0.511,698488,-18.35,0.371447884494219,"Non-Hispanic White Majority",2.55026390395616,0,0,"Dallas, TX",0.0556,"Conservative"
"195",17,9,195,21,-0.605,-0.266,100,"Illinois","IL","None",-0.7156061782,-1.63741806602929,-0.78785994083583,-0.232731567913735,FALSE,TRUE,0,"Chicago",16980,0,1,-0.428,712813,18.42,99.6352573376515,"Non-Hispanic White Majority",6.62201153319303,0,0,"Chicago, IL",-0.2089,"Liberal"
"196",18,9,196,22,0.487,0.062,200,"Indiana","IN","Repub",0.5127803874,0.893716242019767,0.30414005916417,0.0952684320862654,TRUE,FALSE,1,"Indianapolis",26900,1,1,0.548,720422,-12.81,1.97705872126575,"Non-Hispanic White Majority",0.679773604624976,0,0,"Indianapolis, IN",0.0574,"Conservative"
"197",20,4,197,,,,,,,,,,,,,,,,,,,,,,,,,,,,,
"198",42,18,198,14,0.258,0.198,200,"Pennsylvania","PA","Repub",0.3403309146,0.538377955821684,0.0751400591641695,0.231268432086265,TRUE,FALSE,1,"Pittsburgh",38300,1,1,0.212,705688,-10.88,3.63023614353354,"Non-Hispanic White Majority",0.694137408120803,0,0,"Pittsburgh, PA",0.0203,"Conservative"
"199",18,2,199,,,,,,,,,,,,,,,,,,,,,,,,,,,,,
"200",36,18,200,13,-0.233,0.098,100,"New York","NY","Repub",-0.1922503554,-0.55902473651637,-0.41585994083583,0.131268432086265,FALSE,TRUE,0,"NYC",35620,0,1,-0.775,717707,-0.99,42.9620688171012,"Non-Hispanic White Majority",3.55117243860118,1,0,"New York, NY",-0.3783,"Liberal"
"201",53,9,201,73,-0.282,-0.149,100,"Washington","WA","None",-0.3439560923,-0.871619815418016,-0.46485994083583,-0.115731567913735,FALSE,TRUE,0,"Seattle",42660,1,1,-0.352,672460,20.9,99.8251986786857,"Non-Hispanic White Majority",16.4639017734967,0,0,"Seattle, WA",-0.3465,"Liberal"
"202",42,14,202,14,-0.328,0.125,100,"Pennsylvania","PA","Repub",-0.2760234125,-0.731642107020086,-0.510859940835831,0.158268432086265,FALSE,TRUE,0,"Pittsburgh",38300,1,1,0.212,705688,17.11,99.440577204016,"Non-Hispanic White Majority",12.7705399913103,0,0,"Pittsburgh, PA",0.0203,"Liberal"
"203",51,7,203,40,0.518,0.191,200,"Virginia","VA","Repub",0.5974202257,1.06811964608517,0.33514005916417,0.224268432086265,TRUE,FALSE,1,"DC",47900,0,1,0.275,727434,-6.05,14.0258634337936,"Non-Hispanic White Majority",5.0471576661079,0,0,"Washington, VA",-0.26,"Conservative"
"204",12,19,204,,,,,,,,,,,,,,,,,,,,,,,,,,,,,
"205",36,27,205,,,,,,,,,,,,,,,,,,,,,,,,,,,,,
"206",6,19,206,71,-0.402,-0.446,100,"California","CA","None",-0.5874524642,-1.37335276989764,-0.58485994083583,-0.412731567913735,FALSE,TRUE,0,"San Jose",41940,1,1,-0.587,702904,23.51,99.9229153074393,"Maj-Min (Coalition)",41.7220644222919,0,1,"San Jose, CA",-0.4356,"Liberal"
"207",36,15,207,13,-0.49,-0.388,100,"New York","NY","Repub",-0.6513353276,-1.50498568723516,-0.67285994083583,-0.354731567913735,FALSE,TRUE,0,"NYC",35620,0,1,-0.775,717708,44.48,99.9998701618019,"Maj-Min (Latino)",98.2486008023415,0,1,"New York, NY",-0.3783,"Liberal"
"208",39,3,208,24,-0.43,0.076,100,"Ohio","OH","Repub",-0.3983982348,-0.983799790797458,-0.61285994083583,0.109268432086265,FALSE,TRUE,0,"Columbus",18140,1,1,0.403,721031,18.98,99.6700371143745,"Non-Hispanic White Majority",35.7952719179423,0,0,"Columbus, OH",-0.0087,"Liberal"
"209",60,98,209,,,,,,,,,,,,,,,,,,,,,,,,,,,,,
"210",6,48,210,71,0.627,-0.404,200,"California","CA","None",0.4590116692,0.782923881416762,0.44414005916417,-0.370731567913735,TRUE,FALSE,1,"Los Angeles",31080,1,1,-0.587,702906,-4.07,22.4392281165824,"Non-Hispanic White Majority",3.46150388518886,1,0,"Los Angeles, CA",-0.3033,"Conservative"
"211",12,6,211,,,,,,,,,,,,,,,,,,,,,,,,,,,,,
"212",42,4,212,,,,,,,,,,,,,,,,,,,,,,,,,,,,,
"213",26,7,213,,,,,,,,,,,,,,,,,,,,,,,,,,,,,
"214",21,6,214,,,,,,,,,,,,,,,,,,,,,,,,,,,,,
"215",6,6,215,71,-0.434,-0.173,100,"California","CA","None",-0.5059355971,-1.20538435931778,-0.61685994083583,-0.139731567913735,FALSE,TRUE,0,"Sacramento",40900,1,1,-0.587,702905,20.91,99.8283602347182,"Maj-Min (Coalition)",24.3265110134869,0,1,"Sacramento, CA",-0.0763,"Liberal"
"216",55,5,216,25,0.646,-0.622,200,"Wisconsin","WI","Repub",0.3873645006,0.635292336432016,0.46314005916417,-0.588731567913735,TRUE,FALSE,1,"Milwaukee",33340,0,1,-0.087,710873,-12.8,1.94774587409461,"Non-Hispanic White Majority",0.745917501061387,0,0,"Milwaukee, WI",0.0864,"Conservative"
"217",48,35,217,49,-0.402,-0.305,100,"Texas","TX","Repub",-0.5288228735,-1.25254440822758,-0.58485994083583,-0.271731567913735,FALSE,TRUE,0,"Austin",12420,1,1,0.511,698488,14.61,98.8480245342693,"Maj-Min (Latino)",80.5132140528421,0,1,"Austin, TX",-0.211,"Liberal"
"218",48,20,218,49,-0.398,0.018,100,"Texas","TX","Repub",-0.3905153714,-0.967556869752764,-0.58085994083583,0.0512684320862654,FALSE,TRUE,0,"San Antonio",41700,1,1,0.511,698488,10.35,95.8944492497921,"Maj-Min (Latino)",83.596334828973,0,1,"San Antonio, TX",0.0075,"Liberal"
"219",17,11,219,21,-0.222,-0.232,100,"Illinois","IL","None",-0.3184685464,-0.819101818508831,-0.40485994083583,-0.198731567913735,FALSE,TRUE,0,"Chicago",16980,0,1,-0.428,712813,9.06,93.7736697732589,"Non-Hispanic White Majority",11.5419092148132,0,0,"Chicago, IL",-0.2089,"Liberal"
"220",6,17,220,71,-0.529,-0.482,100,"California","CA","None",-0.7294217214,-1.66588548529056,-0.71185994083583,-0.448731567913735,FALSE,TRUE,0,"San Francisco",41860,1,1,-0.587,702904,24.51,99.9428048931426,"Maj-Min (Coalition)",52.208134203648,0,1,"San Francisco, CA",-0.5886,"Liberal"
"221",48,36,221,49,0.899,-0.438,200,"Texas","TX","Repub",0.7168740374,1.31425848339281,0.71614005916417,-0.404731567913735,TRUE,FALSE,1,"Houston",26420,1,1,0.511,698488,-25.56,0.0425647576970263,"Non-Hispanic White Majority",2.18043554056536,0,0,"Houston, TX",0.0821,"Conservative"
"222",39,8,222,24,0.513,0.04,200,"Ohio","OH","Repub",0.529632508,0.928440637261916,0.33014005916417,0.0732684320862654,TRUE,FALSE,1,"Cincinnati",17140,0,1,0.403,721032,-17.03,0.556042606765128,"Non-Hispanic White Majority",0.783831009235744,0,0,"Cincinnati, OH",0.1686,"Conservative"
"223",37,10,223,47,0.582,0.115,200,"North Carolina","NC","Repub",0.6298184605,1.13487736382564,0.39914005916417,0.148268432086265,TRUE,FALSE,1,"Charlotte",16740,0,1,0.472,733499,-12.35,2.22763976127346,"Non-Hispanic White Majority",1.92935982058753,0,0,"Charlotte, NC",0.0739,"Conservative"
"224",13,6,224,44,0.644,-0.073,200,"Georgia","GA","Repub",0.6136456729,1.10155275844692,0.46114005916417,-0.0397315679137346,TRUE,FALSE,1,"Atlanta",12060,1,1,0.517,691975,-7.92,8.59040318087999,"Non-Hispanic White Majority",2.87718001421925,0,0,"Atlanta, GA",0.0714,"Conservative"
"225",34,6,225,12,-0.402,-0.16,100,"New Jersey","NJ","None",-0.468530032,-1.12830885899241,-0.58485994083583,-0.126731567913735,FALSE,TRUE,0,"NYC",35620,0,1,-0.376,732657,8.56,93.2756254055908,"Non-Hispanic White Majority",7.65562115560356,0,0,"New York, NJ",-0.2539,"Liberal"
"226",6,31,226,71,0.478,0.222,200,"California","CA","None",0.5703104194,1.01225892379131,0.29514005916417,0.255268432086265,TRUE,FALSE,1,"Riverside",40140,1,1,-0.587,702905,8.3,92.5959050501787,"Maj-Min (Coalition)",50.7005864006674,0,1,"Riverside, CA",-0.034,"Conservative"
"227",17,6,227,21,0.433,0.031,200,"Illinois","IL","None",0.4458901937,0.755886613393522,0.25014005916417,0.0642684320862654,TRUE,FALSE,1,"Chicago",16980,0,1,-0.428,712813,-1.79,36.9752788145523,"Non-Hispanic White Majority",1.64269408876529,1,0,"Chicago, IL",-0.2089,"Conservative"
"228",1,5,228,,,,,,,,,,,,,,,,,,,,,,,,,,,,,
"229",9,1,229,,,,,,,,,,,,,,,,,,,,,,,,,,,,,
"230",18,3,230,,,,,,,,,,,,,,,,,,,,,,,,,,,,,
"231",25,7,231,3,-0.579,-0.081,100,"Massachusetts","MA","None",-0.6126808287,-1.4253367142928,-0.76185994083583,-0.0477315679137346,FALSE,TRUE,0,"Boston",14460,0,1,-1.259,727514,34.28,99.9972154368053,"Maj-Min (Coalition)",32.7140452659519,0,1,"Boston, MA",-0.3572,"Liberal"
"232",44,1,232,,,,,,,,,,,,,,,,,,,,,,,,,,,,,
"233",13,5,233,44,-0.589,-0.229,100,"Georgia","GA","Repub",-0.6842211083,-1.57274801068266,-0.77185994083583,-0.195731567913735,FALSE,TRUE,0,"Atlanta",12060,1,1,0.517,691976,34.34,99.9971292791734,"Maj-Min (African-American)",95.6919608985788,0,1,"Atlanta, GA",0.0714,"Liberal"
"234",55,4,234,25,-0.532,-0.242,100,"Wisconsin","WI","Repub",-0.6326266734,-1.46643583832834,-0.71485994083583,-0.208731567913735,FALSE,TRUE,0,"Milwaukee",33340,0,1,-0.087,710873,25.08,99.9516263564089,"Non-Hispanic White Majority",49.5394841193708,0,0,"Milwaukee, WI",0.0864,"Liberal"
"235",6,33,235,71,-0.473,-0.343,100,"California","CA","None",-0.6156237561,-1.43140072111023,-0.65585994083583,-0.309731567913735,FALSE,TRUE,0,"Los Angeles",31080,1,1,-0.587,702904,15.54,99.1298361337004,"Non-Hispanic White Majority",5.33634346539848,0,0,"Los Angeles, CA",-0.3033,"Liberal"
"236",22,3,236,,,,,,,,,,,,,,,,,,,,,,,,,,,,,
"237",24,4,237,52,-0.562,-0.294,100,"Maryland","MD","Dem",-0.6842489338,-1.57280534611733,-0.744859940835831,-0.260731567913735,FALSE,TRUE,0,"DC",47900,0,1,-0.809,720065,27.58,99.9807220574946,"Maj-Min (African-American)",93.7126017815547,0,1,"Washington, MD",-0.3114,"Liberal"
"238",41,3,238,72,-0.428,-0.665,100,"Oregon","OR","None",-0.7045154455,-1.61456521593754,-0.61085994083583,-0.631731567913735,FALSE,TRUE,0,"Portland",38900,0,1,-0.792,766215,23.66,99.9259070962907,"Non-Hispanic White Majority",6.0531938502876,0,0,"Portland, OR",-0.3474,"Liberal"
"239",37,6,239,,,,,,,,,,,,,,,,,,,,,,,,,,,,,
"240",13,4,240,44,-0.468,0.038,100,"Georgia","GA","Repub",-0.4521991174,-1.09465842729326,-0.65085994083583,0.0712684320862654,FALSE,TRUE,0,"Atlanta",12060,1,1,0.517,691976,24.16,99.9379030792179,"Maj-Min (African-American)",92.8535770461405,0,1,"Atlanta, GA",0.0714,"Liberal"
"241",34,4,241,12,0.16,-0.174,200,"New Jersey","NJ","None",0.0876485902,0.0177170187541872,-0.0228599408358305,-0.140731567913735,TRUE,FALSE,1,"NYC",35620,0,1,-0.376,732657,-7.77,8.73506711591404,"Non-Hispanic White Majority",1.65369117134498,0,0,"New York, NJ",-0.2539,"Conservative"
"242",34,8,242,12,-0.401,0.089,100,"New Jersey","NJ","None",-0.3639926697,-0.912905897416356,-0.58385994083583,0.122268432086265,FALSE,TRUE,0,"NYC",35620,0,1,-0.376,732658,26.91,99.9718727669959,"Maj-Min (Latino)",75.844684780857,0,1,"New York, NJ",-0.2539,"Liberal"
"243",34,7,243,12,0.334,-0.229,200,"New Jersey","NJ","None",0.2387788917,0.329126392500962,0.15114005916417,-0.195731567913735,TRUE,FALSE,1,"NYC",35620,0,1,-0.376,732658,-2.81,28.1805946690934,"Non-Hispanic White Majority",2.04319136055978,1,0,"New York, NJ",-0.2539,"Conservative"
"244",36,1,244,13,-0.338,-0.05,100,"New York","NY","Repub",-0.358790635,-0.902186919474424,-0.520859940835831,-0.0167315679137346,FALSE,TRUE,0,"NYC",35620,0,1,-0.775,717707,-4.58,19.1804772918406,"Non-Hispanic White Majority",2.20018006347239,1,0,"New York, NY",-0.3783,"Liberal"
"245",36,3,245,13,-0.334,-0.051,100,"New York","NY","Repub",-0.3552064477,-0.894801573773356,-0.516859940835831,-0.0177315679137346,FALSE,TRUE,0,"NYC",35620,0,1,-0.775,717707,0.7,55.4632413985405,"Non-Hispanic White Majority",2.69097524984729,1,0,"New York, NY",-0.3783,"Liberal"
"246",6,9,246,71,-0.259,-0.137,100,"California","CA","None",-0.3159663399,-0.813945932816708,-0.44185994083583,-0.103731567913735,FALSE,TRUE,0,"Sacramento",40900,1,1,-0.587,702904,7.89,91.6924278920834,"Maj-Min (Coalition)",24.5542673929793,0,1,"Sacramento, CA",-0.0763,"Liberal"
"247",40,5,247,,,,,,,,,,,,,,,,,,,,,,,,,,,,,
"248",1,6,248,,,,,,,,,,,,,,,,,,,,,,,,,,,,,
"249",34,1,249,12,-0.297,-0.119,100,"New Jersey","NJ","None",-0.3464817113,-0.876823943401,-0.47985994083583,-0.0857315679137346,FALSE,TRUE,0,"Philadelphia",37980,0,1,-0.376,732658,12.68,97.9075593463257,"Non-Hispanic White Majority",8.77229530097478,0,0,"Philadelphia, NJ",0.0095,"Liberal"
"250",34,5,250,12,0.688,-0.243,200,"New Jersey","NJ","None",0.5869575139,1.04656085544562,0.505140059164169,-0.209731567913735,TRUE,FALSE,1,"NYC",35620,0,1,-0.376,732658,-2.58,31.8250170164629,"Non-Hispanic White Majority",2.16132707884643,1,0,"New York, NJ",-0.2539,"Conservative"
"251",34,2,251,12,0.211,-0.228,200,"New Jersey","NJ","None",0.1161947044,0.0765373046776286,0.0281400591641695,-0.194731567913735,TRUE,FALSE,1,"NYC",35620,0,1,-0.376,732658,-0.67,45.2906851295663,"Non-Hispanic White Majority",3.90914194357746,1,0,"New York, NJ",-0.2539,"Conservative"
"252",25,6,252,3,-0.488,-0.433,100,"Massachusetts","MA","None",-0.6680468991,-1.53942047604645,-0.67085994083583,-0.399731567913735,FALSE,TRUE,0,"Boston",14460,0,1,-1.259,727515,5.95,85.9373500503899,"Non-Hispanic White Majority",1.95356296882451,0,0,"Boston, MA",-0.3572,"Liberal"
"253",28,1,253,,,,,,,,,,,,,,,,,,,,,,,,,,,,,
"254",42,1,254,14,-0.484,0.224,100,"Pennsylvania","PA","Repub",-0.3908579552,-0.968262775885121,-0.66685994083583,0.257268432086265,FALSE,TRUE,0,"Philadelphia",37980,0,1,0.212,705688,30.62,99.9916345468347,"Maj-Min (Coalition)",57.8098120587241,0,1,"Philadelphia, PA",-0.2616,"Liberal"
"255",49,4,255,,,,,,,,,,,,,,,,,,,,,,,,,,,,,
"256",51,4,256,,,,,,,,,,,,,,,,,,,,,,,,,,,,,
"257",51,8,257,40,-0.302,-0.203,100,"Virginia","VA","Repub",-0.3864099781,-0.959097560508699,-0.48485994083583,-0.169731567913735,FALSE,TRUE,0,"DC",47900,0,1,0.275,727132,21.25,99.8662598326175,"Non-Hispanic White Majority",14.0355690355565,0,0,"Washington, VA",-0.26,"Liberal"
"258",26,2,258,,,,,,,,,,,,,,,,,,,,,,,,,,,,,
"259",26,13,259,23,-0.658,-0.512,100,"Michigan","MI","Repub",-0.8708961024,-1.957398490632,-0.84085994083583,-0.478731567913735,FALSE,TRUE,0,"Detroit",19820,1,1,0.047,705974,31.93,99.9938879566609,"Maj-Min (African-American)",94.9095896088594,0,1,"Detroit, MI",-2e-04,"Liberal"
"260",36,17,260,13,-0.388,-0.159,100,"New York","NY","Repub",-0.4541142193,-1.09860456302793,-0.57085994083583,-0.125731567913735,FALSE,TRUE,0,"NYC",35620,0,1,-0.775,717708,7.5,90.792198930817,"Non-Hispanic White Majority",8.30756191330208,0,0,"New York, NY",-0.3783,"Liberal"
"261",36,5,261,13,-0.414,-0.073,100,"New York","NY","Repub",-0.4443543271,-1.07849395722835,-0.59685994083583,-0.0397315679137346,FALSE,TRUE,0,"NYC",35620,0,1,-0.775,717708,37.06,99.998754397674,"Maj-Min (Coalition)",93.9824670111533,0,1,"New York, NY",-0.3783,"Liberal"
"262",36,24,262,,,,,,,,,,,,,,,,,,,,,,,,,,,,,
"263",36,11,263,13,0.219,0.136,200,"New York","NY","Repub",0.2755505272,0.404895658287146,0.0361400591641695,0.169268432086265,TRUE,FALSE,1,"NYC",35620,0,1,-0.775,717708,-2.96,28.8639505963399,"Non-Hispanic White Majority",3.21168989473905,1,0,"New York, NY",-0.3783,"Conservative"
"264",36,23,264,,,,,,,,,,,,,,,,,,,,,,,,,,,,,
"265",36,20,265,,,,,,,,,,,,,,,,,,,,,,,,,,,,,
"266",36,26,266,,,,,,,,,,,,,,,,,,,,,,,,,,,,,
"267",8,6,267,62,0.498,-0.202,200,"Colorado","CO","None",0.4140058346,0.690187754851588,0.31514005916417,-0.168731567913735,TRUE,FALSE,1,"Denver",19740,1,1,0.04,718456,2.21,66.022821861106,"Non-Hispanic White Majority",5.73064251832127,1,0,"Denver, CO",-0.1654,"Conservative"
"268",48,8,268,49,0.518,0.213,200,"Texas","TX","Repub",0.6065681051,1.08696917769327,0.33514005916417,0.246268432086265,TRUE,FALSE,1,"Houston",26420,1,1,0.511,698488,-28.16,0.0185858565165608,"Non-Hispanic White Majority",1.68845991304658,0,0,"Houston, TX",0.0821,"Conservative"
"269",48,32,269,49,0.586,0.171,200,"Texas","TX","Repub",0.6571039717,1.1911001323295,0.40314005916417,0.204268432086265,TRUE,FALSE,1,"Dallas",19100,1,1,0.511,698488,-4.98,17.9372785914109,"Non-Hispanic White Majority",7.29243898953325,1,0,"Dallas, TX",0.0556,"Conservative"
"270",12,27,270,43,0.245,-0.226,200,"Florida","FL","None",0.1510263298,0.148309110495116,0.0621400591641695,-0.192731567913735,TRUE,FALSE,1,"Miami",33100,1,1,0.136,696345,5.22,82.7257247551313,"Maj-Min (Latino)",84.9234525624865,1,1,"Miami, FL",-0.3077,"Conservative"
"271",12,17,271,,,,,,,,,,,,,,,,,,,,,,,,,,,,,
"272",12,11,272,43,0.483,0.077,200,"Florida","FL","None",0.5150175779,0.898326052796577,0.30014005916417,0.110268432086265,TRUE,FALSE,1,"Orlando",36740,1,1,0.136,696344,-14.74,1.13134048297268,"Non-Hispanic White Majority",1.14707112060228,0,0,"Orlando, FL",-0.0138,"Conservative"
"273",12,15,273,,,,,,,,,,,,,,,,,,,,,,,,,,,,,
"274",12,18,274,43,-0.186,-0.026,100,"Florida","FL","None",-0.1968111302,-0.568422375574664,-0.36885994083583,0.00726843208626542,FALSE,TRUE,0,"Miami",33100,1,1,0.136,696344,-4.85,18.4818714753456,"Non-Hispanic White Majority",3.08387924085835,1,0,"Miami, FL",-0.3077,"Liberal"
"275",12,21,275,43,-0.403,-0.089,100,"Florida","FL","None",-0.4400073303,-1.06953681535983,-0.58585994083583,-0.0557315679137346,FALSE,TRUE,0,"Miami",33100,1,1,0.136,696345,8.87,93.737990410066,"Non-Hispanic White Majority",9.07712011676004,0,0,"Miami, FL",-0.3077,"Liberal"
"276",12,3,276,,,,,,,,,,,,,,,,,,,,,,,,,,,,,
"277",12,9,277,43,-0.363,-0.457,100,"Florida","FL","None",-0.5530264039,-1.30241664542632,-0.54585994083583,-0.423731567913735,FALSE,TRUE,0,"Orlando",36740,1,1,0.136,696344,4.9,83.9933208502234,"Non-Hispanic White Majority",21.9352045685014,0,0,"Orlando, FL",-0.0138,"Liberal"
"278",37,4,278,,,,,,,,,,,,,,,,,,,,,,,,,,,,,
"279",48,29,279,49,-0.323,0.452,100,"Texas","TX","Repub",-0.1350526596,-0.441166845332077,-0.50585994083583,0.485268432086265,FALSE,TRUE,0,"Houston",26420,1,1,0.511,698488,18.61,99.593138816892,"Maj-Min (Latino)",94.51946182928,0,1,"Houston, TX",0.0821,"Liberal"
"280",48,6,280,49,0.528,0.047,200,"Texas","TX","Repub",0.5475431969,0.965346250222148,0.34514005916417,0.0802684320862654,TRUE,FALSE,1,"Dallas",19100,1,1,0.511,698498,-9.07,5.94765871858836,"Non-Hispanic White Majority",5.62024534680226,0,0,"Dallas, TX",0.0556,"Conservative"
"281",48,16,281,,,,,,,,,,,,,,,,,,,,,,,,,,,,,
"282",48,15,282,49,-0.34,0.235,100,"Texas","TX","Repub",-0.2422840155,-0.662120876756652,-0.522859940835831,0.268268432086265,FALSE,TRUE,0,"San Antonio",41700,1,1,0.511,698488,6.8,88.7865049598204,"Maj-Min (Latino)",91.8691406304497,0,1,"San Antonio, TX",0.0075,"Liberal"
"283",42,6,283,14,0.221,-0.107,200,"Pennsylvania","PA","Repub",0.1765080411,0.200815085003008,0.0381400591641695,-0.0737315679137346,TRUE,FALSE,1,"Philadelphia",37980,0,1,0.212,705688,-2.03,35.1487461267886,"Non-Hispanic White Majority",1.2606164946964,1,0,"Philadelphia, PA",-0.2616,"Conservative"
"284",42,5,284,,,,,,,,,,,,,,,,,,,,,,,,,,,,,
"285",42,15,285,,,,,,,,,,,,,,,,,,,,,,,,,,,,,
"286",45,5,286,,,,,,,,,,,,,,,,,,,,,,,,,,,,,
"287",34,9,287,12,-0.366,0.006,100,"New Jersey","NJ","None",-0.3635051238,-0.911901291709327,-0.54885994083583,0.0392684320862654,FALSE,TRUE,0,"NYC",35620,0,1,-0.376,732658,15.93,99.2028474252878,"Maj-Min (Coalition)",27.5584572261424,0,1,"New York, NJ",-0.2539,"Liberal"
"288",34,11,288,12,0.29,-0.271,200,"New Jersey","NJ","None",0.1773147583,0.202477354551532,0.10714005916417,-0.237731567913735,TRUE,FALSE,1,"NYC",35620,0,1,-0.376,732658,-3.23,26.7242897337283,"Non-Hispanic White Majority",1.72179049686652,1,0,"New York, NJ",-0.2539,"Conservative"
"289",47,6,289,,,,,,,,,,,,,,,,,,,,,,,,,,,,,
"290",17,5,290,21,-0.317,-0.311,100,"Illinois","IL","None",-0.4463177497,-1.08253965948791,-0.49985994083583,-0.277731567913735,FALSE,TRUE,0,"Chicago",16980,0,1,-0.428,712813,19.54,99.7412375945419,"Non-Hispanic White Majority",7.9230692208596,0,0,"Chicago, IL",-0.2089,"Liberal"
"291",17,16,291,21,0.27,0.31,200,"Illinois","IL","None",0.398901937,0.659065635421743,0.0871400591641696,0.343268432086265,TRUE,FALSE,1,"Chicago",16980,0,1,-0.428,712813,-8.01,8.01075024126154,"Non-Hispanic White Majority",1.21512630728174,0,0,"Chicago, IL",-0.2089,"Conservative"
"292",17,13,292,,,,,,,,,,,,,,,,,,,,,,,,,,,,,
"293",6,7,293,71,-0.226,-0.007,100,"California","CA","None",-0.2289106889,-0.634564660563852,-0.40885994083583,0.0262684320862654,FALSE,TRUE,0,"Sacramento",40900,1,1,-0.587,702904,2.55,68.4388605408405,"Non-Hispanic White Majority",4.59313249958045,1,0,"Sacramento, CA",-0.0763,"Liberal"
"294",6,49,294,71,0.505,-0.08,200,"California","CA","None",0.471734984,0.809140725123986,0.32214005916417,-0.0467315679137346,TRUE,FALSE,1,"Los Angeles",31080,1,1,-0.587,702906,-1.22,40.5172197582004,"Non-Hispanic White Majority",6.45250266127738,1,0,"Los Angeles, CA",-0.3033,"Conservative"
"295",6,34,295,71,-0.512,-0.283,100,"California","CA","None",-0.6296749941,-1.46035379790897,-0.69485994083583,-0.249731567913735,FALSE,TRUE,0,"Los Angeles",31080,1,1,-0.587,702904,35.5,99.9979901950718,"Maj-Min (Latino)",90.6289625556218,0,1,"Los Angeles, CA",-0.3033,"Liberal"
"296",6,50,296,71,0.512,0.148,200,"California","CA","None",0.5735402796,1.01891416587175,0.32914005916417,0.181268432086265,TRUE,FALSE,1,"Riverside",40140,1,1,-0.587,702905,-11.35,3.06011602983541,"Non-Hispanic White Majority",6.07727127771426,0,0,"Riverside, CA",-0.034,"Conservative"
"297",6,42,297,71,0.348,0.2,200,"California","CA","None",0.43116254,0.725539757932002,0.16514005916417,0.233268432086265,TRUE,FALSE,1,"Riverside",40140,1,1,-0.587,702906,-8.56,6.85940897698549,"Non-Hispanic White Majority",12.0509224312378,0,0,"Riverside, CA",-0.034,"Conservative"
"298",6,32,298,71,-0.447,-0.242,100,"California","CA","None",-0.5476266734,-1.29129030824101,-0.629859940835831,-0.208731567913735,FALSE,TRUE,0,"Los Angeles",31080,1,1,-0.587,702905,17.15,99.4638162064061,"Maj-Min (Latino)",76.7150675755388,0,1,"Los Angeles, CA",-0.3033,"Liberal"
"299",6,12,299,71,-0.491,-0.206,100,"California","CA","None",-0.5766574162,-1.35110918867083,-0.67385994083583,-0.172731567913735,FALSE,TRUE,0,"San Francisco",41860,1,1,-0.587,702905,37.42,99.998883813792,"Maj-Min (Coalition)",37.0801831628043,0,1,"San Francisco, CA",-0.5886,"Liberal"
"300",6,38,300,71,-0.506,-0.153,100,"California","CA","None",-0.5696193431,-1.33660698815445,-0.68885994083583,-0.119731567913735,FALSE,TRUE,0,"Los Angeles",31080,1,1,-0.587,702905,17.1,99.4556289002274,"Maj-Min (Latino)",76.4911147180476,0,1,"Los Angeles, CA",-0.3033,"Liberal"
"301",6,13,301,71,-0.686,-0.616,100,"California","CA","None",-0.9421406232,-2.10420036547122,-0.868859940835831,-0.582731567913735,FALSE,TRUE,0,"San Francisco",41860,1,1,-0.587,702906,40.2,99.9995230161303,"Maj-Min (Coalition)",39.9984379877096,0,1,"San Francisco, CA",-0.5886,"Liberal"
"302",6,26,302,71,-0.283,0.048,100,"California","CA","None",-0.2630409904,-0.704891363484533,-0.46585994083583,0.0812684320862654,FALSE,TRUE,0,"Los Angeles",31080,1,1,-0.587,702905,6.91,89.1159217165243,"Non-Hispanic White Majority",27.5725177807836,0,0,"Los Angeles, CA",-0.3033,"Liberal"
"303",6,27,303,71,-0.489,-0.357,100,"California","CA","None",-0.6374451339,-1.47636444795749,-0.67185994083583,-0.323731567913735,FALSE,TRUE,0,"Los Angeles",31080,1,1,-0.587,702905,15.51,99.121914881412,"Maj-Min (Coalition)",30.1442252215642,0,1,"Los Angeles, CA",-0.3033,"Liberal"
"304",6,14,304,71,-0.383,-0.455,100,"California","CA","None",-0.5721947785,-1.34191376460549,-0.56585994083583,-0.421731567913735,FALSE,TRUE,0,"San Francisco",41860,1,1,-0.587,702905,26.85,99.9719583246518,"Maj-Min (Coalition)",31.2093637985259,0,1,"San Francisco, CA",-0.5886,"Liberal"
"305",6,15,305,71,-0.362,-0.098,100,"California","CA","None",-0.4027496446,-0.99276602580979,-0.54485994083583,-0.0647315679137346,FALSE,TRUE,0,"San Francisco",41860,1,1,-0.587,702904,20.37,99.7995586590631,"Maj-Min (Coalition)",22.5455453825152,0,1,"San Francisco, CA",-0.5886,"Liberal"
"306",48,10,306,49,0.45,0.083,200,"Texas","TX","Repub",0.4845124541,0.835469157757392,0.26714005916417,0.116268432086265,TRUE,FALSE,1,"Austin",12420,1,1,0.511,698487,-9.12,5.87983841259061,"Non-Hispanic White Majority",6.3347955101397,0,0,"Austin, TX",-0.211,"Conservative"
"307",48,9,307,49,-0.434,0.32,100,"Texas","TX","Repub",-0.300939936,-0.782983491918216,-0.61685994083583,0.353268432086265,FALSE,TRUE,0,"Houston",26420,1,1,0.511,698488,28.54,99.9816392737438,"Maj-Min (Coalition)",79.051775227951,0,1,"Houston, TX",0.0821,"Liberal"
"308",18,6,308,22,0.561,-0.107,200,"Indiana","IN","Repub",0.5165080411,0.901397205352338,0.37814005916417,-0.0737315679137346,TRUE,FALSE,1,"Indianapolis",26900,1,1,0.548,720422,-18.07,0.404399065081207,"Non-Hispanic White Majority",0.538537406424465,0,0,"Indianapolis, IN",0.0574,"Conservative"
"309",41,1,309,72,-0.395,-0.381,100,"Oregon","OR","None",-0.5534246387,-1.30323722242803,-0.57785994083583,-0.347731567913735,FALSE,TRUE,0,"Portland",38900,0,1,-0.792,766216,9.1,94.1201615874094,"Non-Hispanic White Majority",3.62805362599832,0,0,"Portland, OR",-0.3474,"Liberal"
"310",17,1,310,21,-0.478,-0.206,100,"Illinois","IL","None",-0.5636574162,-1.32432222524571,-0.66085994083583,-0.172731567913735,FALSE,TRUE,0,"Chicago",16980,0,1,-0.428,712813,27.08,99.9754761577729,"Maj-Min (African-American)",91.5400118532677,0,1,"Chicago, IL",-0.2089,"Liberal"
"311",17,7,311,21,-0.487,-0.257,100,"Illinois","IL","None",-0.5938638639,-1.38656368753362,-0.66985994083583,-0.223731567913735,FALSE,TRUE,0,"Chicago",16980,0,1,-0.428,712812,37.74,99.998984427585,"Maj-Min (Coalition)",93.3314371741877,0,1,"Chicago, IL",-0.2089,"Liberal"
"312",17,14,312,21,0.492,-0.041,200,"Illinois","IL","None",0.4749516793,0.815768840458667,0.30914005916417,-0.00773156791373458,TRUE,FALSE,1,"Chicago",16980,0,1,-0.428,712813,-5.13,17.2307719243437,"Non-Hispanic White Majority",1.6852940714445,1,0,"Chicago, IL",-0.2089,"Conservative"
"313",9,3,313,,,,,,,,,,,,,,,,,,,,,,,,,,,,,
"314",9,5,314,,,,,,,,,,,,,,,,,,,,,,,,,,,,,
"315",9,2,315,,,,,,,,,,,,,,,,,,,,,,,,,,,,,
"316",6,53,316,71,-0.343,-0.107,100,"California","CA","None",-0.3874919589,-0.961327020517644,-0.52585994083583,-0.0737315679137346,FALSE,TRUE,0,"San Diego",41740,1,1,-0.587,702904,14.14,98.6649850081039,"Maj-Min (Coalition)",20.8731487645905,0,1,"San Diego, CA",-0.1811,"Liberal"
"317",6,10,317,,,,,,,,,,,,,,,,,,,,,,,,,,,,,
"318",25,1,318,,,,,,,,,,,,,,,,,,,,,,,,,,,,,
"319",25,5,319,3,-0.502,-0.429,100,"Massachusetts","MA","None",-0.6803836483,-1.56484078755455,-0.68485994083583,-0.395731567913735,FALSE,TRUE,0,"Boston",14460,0,1,-1.259,727515,18.1,99.6076907011045,"Non-Hispanic White Majority",4.25678664360525,0,0,"Boston, MA",-0.3572,"Liberal"
"320",25,4,320,3,-0.426,-0.151,100,"Massachusetts","MA","None",-0.4887877177,-1.17005054252499,-0.60885994083583,-0.117731567913735,FALSE,TRUE,0,"Boston",14460,0,1,-1.259,727514,8.91,93.862039393732,"Non-Hispanic White Majority",1.93320126518615,0,0,"Boston, MA",-0.3572,"Liberal"
"321",48,19,321,,,,,,,,,,,,,,,,,,,,,,,,,,,,,
"322",4,5,322,61,0.673,-0.272,200,"Arizona","AZ","None",0.5598989456,0.990805710877294,0.49014005916417,-0.238731567913735,TRUE,FALSE,1,"Phoenix",38060,1,1,0.038,710224,-14.57,1.17652011594826,"Non-Hispanic White Majority",1.94463509889274,0,0,"Phoenix, AZ",0.0363,"Conservative"
"323",4,2,323,,,,,,,,,,,,,,,,,,,,,,,,,,,,,
"324",4,8,324,61,0.749,0.087,200,"Arizona","AZ","None",0.7851757049,1.45499650410029,0.56614005916417,0.120268432086265,TRUE,FALSE,1,"Phoenix",38060,1,1,0.038,710225,-13.39,1.68212909628364,"Non-Hispanic White Majority",2.28161373959438,0,0,"Phoenix, AZ",0.0363,"Conservative"
"325",35,1,325,,,,,,,,,,,,,,,,,,,,,,,,,,,,,
"326",29,7,326,,,,,,,,,,,,,,,,,,,,,,,,,,,,,
"327",40,1,327,,,,,,,,,,,,,,,,,,,,,,,,,,,,,
"328",24,5,328,52,-0.379,0.116,100,"Maryland","MD","Dem",-0.3307657268,-0.844440597093979,-0.56185994083583,0.149268432086265,FALSE,TRUE,0,"DC",47900,0,1,-0.809,720472,15.88,99.0151754487674,"Non-Hispanic White Majority",49.6251806864828,0,0,"Washington, MD",-0.3114,"Liberal"
"329",24,7,329,52,-0.438,-0.153,100,"Maryland","MD","Dem",-0.5016193431,-1.19649056408458,-0.62085994083583,-0.119731567913735,FALSE,TRUE,0,"Baltimore",12580,1,1,-0.809,716862,25.75,99.968516777554,"Maj-Min (African-American)",92.1181425948517,0,1,"Baltimore, MD",0.0082,"Liberal"
"330",24,8,330,52,-0.398,-0.175,100,"Maryland","MD","Dem",-0.4707672225,-1.13291866976922,-0.58085994083583,-0.141731567913735,FALSE,TRUE,0,"DC",47900,0,1,-0.809,721514,13.99,98.573736817036,"Non-Hispanic White Majority",6.73726566678831,0,0,"Washington, MD",-0.3114,"Liberal"
"331",39,1,331,24,0.584,-0.256,200,"Ohio","OH","Repub",0.4775519488,0.821126788458049,0.40114005916417,-0.222731567913735,TRUE,FALSE,1,"Cincinnati",17140,0,1,0.403,721032,-4.83,19.1332837159642,"Non-Hispanic White Majority",6.9575887101982,1,0,"Cincinnati, OH",0.1686,"Conservative"
"332",39,4,332,24,0.706,-0.198,200,"Ohio","OH","Repub",0.6236690854,1.12220635721864,0.52314005916417,-0.164731567913735,TRUE,FALSE,1,"Cleveland",17460,1,1,0.403,721032,-13.95,1.37162625917585,"Non-Hispanic White Majority",0.864499816327778,0,0,"Cleveland, OH",-0.118,"Conservative"
"333",39,9,333,24,-0.35,0.112,100,"Ohio","OH","Repub",-0.3034289776,-0.788112250864585,-0.53285994083583,0.145268432086265,FALSE,TRUE,0,"Cleveland",17460,1,1,0.403,721032,13.61,98.4486698960271,"Non-Hispanic White Majority",7.83546536119146,0,0,"Cleveland, OH",-0.118,"Liberal"
"334",39,12,334,24,0.386,-0.026,200,"Ohio","OH","Repub",0.3751888698,0.610204015130678,0.20314005916417,0.00726843208626542,TRUE,FALSE,1,"Columbus",18140,1,1,0.403,721031,-7.21,9.86478310383011,"Non-Hispanic White Majority",1.04905711589411,0,0,"Columbus, OH",-0.0087,"Conservative"
"335",55,2,335,,,,,,,,,,,,,,,,,,,,,,,,,,,,,
"336",55,6,336,25,0.379,-0.367,200,"Wisconsin","WI","Repub",0.2263967391,0.303612525668618,0.19614005916417,-0.333731567913735,TRUE,FALSE,1,"Milwaukee",33340,0,1,-0.087,710873,-7.84,8.40089540859273,"Non-Hispanic White Majority",0.853348509496998,0,0,"Milwaukee, WI",0.0864,"Conservative"
"337",66,98,337,,,,,,,,,,,,,,,,,,,,,,,,,,,,,
"338",69,98,338,,,,,,,,,,,,,,,,,,,,,,,,,,,,,
"339",6,52,339,71,-0.175,-0.062,100,"California","CA","None",-0.2007803874,-0.576601171531687,-0.35785994083583,-0.0287315679137346,FALSE,TRUE,0,"San Diego",41740,1,1,-0.587,702904,6.13,86.6930757953461,"Non-Hispanic White Majority",5.1545730942281,0,0,"San Diego, CA",-0.1811,"Liberal"
"340",27,2,340,33,0.49,0.154,200,"Minnesota","MN","None",0.5540351558,0.978723162961509,0.30714005916417,0.187268432086265,TRUE,FALSE,1,"Minneapolis",33460,0,1,-0.271,662991,-1.85,36.1976043627892,"Non-Hispanic White Majority",1.31758605773449,1,0,"Minneapolis, MN",-0.0724,"Conservative"
"341",12,24,341,43,-0.475,-0.009,100,"Florida","FL","None",-0.4787423143,-1.14935163071988,-0.65785994083583,0.0242684320862654,FALSE,TRUE,0,"Miami",33100,1,1,0.136,696345,33.6,99.996532306112,"Maj-Min (Coalition)",92.4504948391096,0,1,"Miami, FL",-0.3077,"Liberal"
"342",27,3,342,33,0.407,-0.192,200,"Minnesota","MN","None",0.3271639616,0.511246979788508,0.22414005916417,-0.158731567913735,TRUE,FALSE,1,"Minneapolis",33460,0,1,-0.271,662990,1.24,59.2622637923032,"Non-Hispanic White Majority",1.75612575362737,1,0,"Minneapolis, MN",-0.0724,"Conservative"
"343",51,3,343,,,,,,,,,,,,,,,,,,,,,,,,,,,,,
"344",6,47,344,71,-0.443,-0.349,100,"California","CA","None",-0.5881186323,-1.3747254330153,-0.625859940835831,-0.315731567913735,FALSE,TRUE,0,"Los Angeles",31080,1,1,-0.587,702905,12.68,97.9446903151738,"Maj-Min (Coalition)",22.5694224621338,0,1,"Los Angeles, CA",-0.3033,"Liberal"
"345",18,4,345,22,0.596,-0.167,200,"Indiana","IN","Repub",0.5265592791,0.922108139558737,0.41314005916417,-0.133731567913735,TRUE,FALSE,1,"Indianapolis",26900,1,1,0.548,720422,-16.7,0.61079445231415,"Non-Hispanic White Majority",0.686791235173523,0,0,"Indianapolis, IN",0.0574,"Conservative"
"346",6,25,346,71,0.396,0.208,200,"California","CA","None",0.4824890416,0.831299844170359,0.21314005916417,0.241268432086265,TRUE,FALSE,1,"Los Angeles",31080,1,1,-0.587,702904,-0.22,48.2485194264778,"Non-Hispanic White Majority",16.3088589163308,1,0,"Los Angeles, CA",-0.3033,"Conservative"
"347",39,16,347,24,0.385,0.14,200,"Ohio","OH","Repub",0.443213778,0.750371763434574,0.20214005916417,0.173268432086265,TRUE,FALSE,1,"Cleveland",17460,1,1,0.403,721031,-7.97,8.49516993064686,"Non-Hispanic White Majority",0.755702111582252,0,0,"Cleveland, OH",-0.118,"Conservative"
"348",17,8,348,21,-0.312,0.083,100,"Illinois","IL","None",-0.2774875459,-0.73465900608434,-0.49485994083583,0.116268432086265,FALSE,TRUE,0,"Chicago",16980,0,1,-0.428,712812,8.42,92.7202845969938,"Non-Hispanic White Majority",9.03632525882993,0,0,"Chicago, IL",-0.2089,"Liberal"
"349",25,8,349,3,-0.352,0.033,100,"Massachusetts","MA","None",-0.3382781809,-0.859920276571641,-0.53485994083583,0.0662684320862654,FALSE,TRUE,0,"Boston",14460,0,1,-1.259,727514,9.63,95.2370231345522,"Non-Hispanic White Majority",2.83788183608489,0,0,"Boston, MA",-0.3572,"Liberal"
"350",39,5,350,,,,,,,,,,,,,,,,,,,,,,,,,,,,,
"351",27,6,351,33,0.584,-0.03,200,"Minnesota","MN","None",0.571525619,1.01476288588665,0.40114005916417,0.00326843208626542,TRUE,FALSE,1,"Minneapolis",33460,0,1,-0.271,662993,-12.31,2.28816254405872,"Non-Hispanic White Majority",0.671660586320632,0,0,"Minneapolis, MN",-0.0724,"Conservative"
"352",44,2,352,,,,,,,,,,,,,,,,,,,,,,,,,,,,,
"353",36,14,353,13,-0.41,-0.07,100,"New York","NY","Repub",-0.439106889,-1.06768142396217,-0.59285994083583,-0.0367315679137346,FALSE,TRUE,0,"NYC",35620,0,1,-0.775,717708,29.08,99.9859574117594,"Maj-Min (Coalition)",69.4020520768911,0,1,"New York, NY",-0.3783,"Liberal"
"354",48,24,354,49,0.602,0.161,200,"Texas","TX","Repub",0.6689458447,1.21550073378611,0.41914005916417,0.194268432086265,TRUE,FALSE,1,"Dallas",19100,1,1,0.511,698488,-8.88,6.26200958993395,"Non-Hispanic White Majority",5.30721907467963,0,0,"Dallas, TX",0.0556,"Conservative"
"355",6,20,355,71,-0.455,-0.219,100,"California","CA","None",-0.5460629813,-1.28806826492633,-0.637859940835831,-0.185731567913735,FALSE,TRUE,0,"San Jose",41940,1,1,-0.587,702906,22.57,99.900450692313,"Maj-Min (Coalition)",56.2351486384147,0,1,"San Jose, CA",-0.4356,"Liberal"
"356",12,23,356,43,-0.424,0.075,100,"Florida","FL","None",-0.3928140475,-0.972293373800218,-0.60685994083583,0.108268432086265,FALSE,TRUE,0,"Miami",33100,1,1,0.136,696345,11.03,96.7056269059738,"Non-Hispanic White Majority",27.0340895985264,0,0,"Miami, FL",-0.3077,"Liberal"
"357",26,6,357,,,,,,,,,,,,,,,,,,,,,,,,,,,,,
"358",8,5,358,62,0.69,0.186,200,"Colorado","CO","None",0.7673411622,1.41824779309963,0.507140059164169,0.219268432086265,TRUE,FALSE,1,"Denver",19740,1,1,0.04,718457,-13.5,1.60336462222171,"Non-Hispanic White Majority",1.88986686946345,0,0,"Denver, CO",-0.1654,"Conservative"
"359",55,1,359,25,0.556,-0.25,200,"Wisconsin","WI","Repub",0.452046825,0.768572571659295,0.37314005916417,-0.216731567913735,TRUE,FALSE,1,"Milwaukee",33340,0,1,-0.087,710874,-5.33,16.5464819302392,"Non-Hispanic White Majority",1.52300666740494,0,0,"Milwaukee, WI",0.0864,"Conservative"
"360",48,2,360,49,0.593,-0.031,200,"Texas","TX","Repub",0.5801098063,1.03245090982815,0.41014005916417,0.00226843208626542,TRUE,FALSE,1,"Houston",26420,1,1,0.511,698488,-10.92,4.02238761325142,"Non-Hispanic White Majority",8.42088248477731,0,0,"Houston, TX",0.0821,"Conservative"
"361",48,21,361,49,0.425,0.06,200,"Texas","TX","Repub",0.449948762,0.764249438055865,0.24214005916417,0.0932684320862654,TRUE,FALSE,1,"Austin",12420,1,1,0.511,698488,-9.77,4.80461751278216,"Non-Hispanic White Majority",5.1776600097419,0,0,"Austin, TX",-0.211,"Conservative"
"362",6,36,362,71,-0.235,0.063,100,"California","CA","None",-0.2088037999,-0.593133699007238,-0.41785994083583,0.0962684320862654,FALSE,TRUE,0,"Riverside",40140,1,1,-0.587,702905,1.56,61.6656053526486,"Non-Hispanic White Majority",27.2095638713671,1,0,"Riverside, CA",-0.034,"Liberal"
"363",48,18,363,49,-0.458,0.132,100,"Texas","TX","Repub",-0.4031127236,-0.993514163032362,-0.64085994083583,0.165268432086265,FALSE,TRUE,0,"Houston",26420,1,1,0.511,698488,26.59,99.9630004222385,"Maj-Min (Coalition)",81.6873924144266,0,1,"Houston, TX",0.0821,"Liberal"
"364",18,1,364,,,,,,,,,,,,,,,,,,,,,,,,,,,,,
"365",42,8,365,14,0.202,-0.186,200,"Pennsylvania","PA","Repub",0.1246588378,0.0939779532784862,0.0191400591641696,-0.152731567913735,TRUE,FALSE,1,"Philadelphia",37980,0,1,0.212,705688,-1.61,38.3343946473514,"Non-Hispanic White Majority",1.23848436425474,1,0,"Philadelphia, PA",-0.2616,"Conservative"
"366",26,10,366,23,0.343,-0.001,200,"Michigan","MI","Repub",0.3425841873,0.543020904544894,0.16014005916417,0.0322684320862654,TRUE,FALSE,1,"Detroit",19820,1,1,0.047,705974,-12.89,1.94774587409461,"Non-Hispanic White Majority",0.691776503870251,0,0,"Detroit, MI",-2e-04,"Conservative"
"367",27,4,367,33,-0.419,-0.182,100,"Minnesota","MN","None",-0.4946779114,-1.18218749661797,-0.60185994083583,-0.148731567913735,FALSE,TRUE,0,"Minneapolis",33460,0,1,-0.271,662990,13.76,98.5080253360774,"Non-Hispanic White Majority",4.16018760985599,0,0,"Minneapolis, MN",-0.0724,"Liberal"
"368",12,7,368,43,0.453,0.137,200,"Florida","FL","None",0.5099663399,0.887917796830609,0.27014005916417,0.170268432086265,TRUE,FALSE,1,"Orlando",36740,1,1,0.136,696345,0.42,53.0435326184904,"Non-Hispanic White Majority",6.36522968816679,1,0,"Orlando, FL",-0.0138,"Conservative"
"369",26,11,369,23,0.723,-0.319,200,"Michigan","MI","Repub",0.5903557487,1.05356303939159,0.54014005916417,-0.285731567913735,TRUE,FALSE,1,"Detroit",19820,1,1,0.047,705974,-4.05,24.1259848537438,"Non-Hispanic White Majority",1.49317588138947,1,0,"Detroit, MI",-2e-04,"Conservative"
"370",48,25,370,49,0.602,0.138,200,"Texas","TX","Repub",0.6593821526,1.19579440528674,0.41914005916417,0.171268432086265,TRUE,FALSE,1,"Austin",12420,1,1,0.511,698478,-11.08,3.31384490645601,"Non-Hispanic White Majority",2.73062675772325,0,0,"Austin, TX",-0.211,"Conservative"
"371",48,7,371,49,0.503,0.374,200,"Texas","TX","Repub",0.6585139498,1.19400544246757,0.32014005916417,0.407268432086265,TRUE,FALSE,1,"Houston",26420,1,1,0.511,698488,-6.59,11.5515895336419,"Non-Hispanic White Majority",10.0768150036086,0,0,"Houston, TX",0.0821,"Conservative"
"372",6,18,372,71,-0.382,-0.428,100,"California","CA","None",-0.5599678356,-1.31671971289292,-0.56485994083583,-0.394731567913735,FALSE,TRUE,0,"San Francisco",41860,1,1,-0.587,702906,22.77,99.8986156735796,"Non-Hispanic White Majority",10.6706862522611,0,0,"San Francisco, CA",-0.5886,"Liberal"
"373",25,3,373,3,-0.399,-0.195,100,"Massachusetts","MA","None",-0.4800834765,-1.15211514324285,-0.58185994083583,-0.161731567913735,FALSE,TRUE,0,"Boston",14460,0,1,-1.259,727514,8.5,92.8224604636872,"Non-Hispanic White Majority",4.35836636867826,0,0,"Boston, MA",-0.3572,"Liberal"
"374",45,4,374,,,,,,,,,,,,,,,,,,,,,,,,,,,,,
"375",29,2,375,34,0.469,0.206,200,"Missouri","MO","None",0.5546574162,0.980005352698102,0.28614005916417,0.239268432086265,TRUE,FALSE,1,"St. Louis",41180,0,1,0.445,748616,-8.24,7.44598747469116,"Non-Hispanic White Majority",0.905283400221172,0,0,"St. Louis, MO",-0.0895,"Conservative"
"376",4,6,376,61,0.631,-0.328,200,"Arizona","AZ","None",0.4946134344,0.856282587746159,0.44814005916417,-0.294731567913735,TRUE,FALSE,1,"Phoenix",38060,1,1,0.038,710224,-9.43,5.42504038430714,"Non-Hispanic White Majority",2.15134277270851,0,0,"Phoenix, AZ",0.0363,"Conservative"
"377",53,7,377,73,-0.666,-0.197,100,"Washington","WA","None",-0.7479151019,-1.70399175506444,-0.84885994083583,-0.163731567913735,FALSE,TRUE,0,"Seattle",42660,1,1,-0.352,672457,32.69,99.9953397646016,"Non-Hispanic White Majority",9.00735442517076,0,0,"Seattle, WA",-0.3465,"Liberal"
"378",48,22,378,49,0.54,0.311,200,"Texas","TX","Repub",0.6693177497,1.21626705729631,0.35714005916417,0.344268432086265,TRUE,FALSE,1,"Houston",26420,1,1,0.511,698504,-10.02,4.37776272490594,"Maj-Min (Coalition)",6.31569078982839,0,1,"Houston, TX",0.0821,"Conservative"
"379",6,5,379,71,-0.395,0.064,100,"California","CA","None",-0.3683879872,-0.921962605809763,-0.57785994083583,0.0972684320862654,FALSE,TRUE,0,"San Francisco",41860,1,1,-0.587,702905,21.35,99.8503215451155,"Non-Hispanic White Majority",16.5777051859895,0,0,"San Francisco, CA",-0.5886,"Liberal"
"380",29,4,380,34,0.496,0.379,200,"Missouri","MO","None",0.6535930133,1.18386567738735,0.31314005916417,0.412268432086265,TRUE,FALSE,1,"Kansas City",28140,0,1,0.445,748616,-17.38,0.495543781583181,"Non-Hispanic White Majority",0.732208395512617,0,0,"Kansas City, MO",0.1311,"Conservative"
"381",32,3,381,,,,,,,,,,,,,,,,,,,,,,,,,,,,,
"382",12,20,382,43,-0.565,0.152,100,"Florida","FL","None",-0.5017964696,-1.19685553955205,-0.74785994083583,0.185268432086265,FALSE,TRUE,0,"Miami",33100,1,1,0.136,696344,30.66,99.9910545474656,"Maj-Min (Coalition)",91.3435775697416,0,1,"Miami, FL",-0.3077,"Liberal"
"383",51,11,383,40,-0.305,-0.023,100,"Virginia","VA","Repub",-0.3145636921,-0.811055727023098,-0.48785994083583,0.0102684320862654,FALSE,TRUE,0,"DC",47900,0,1,0.275,727483,15.25,99.0867554815888,"Non-Hispanic White Majority",10.4277396597086,0,0,"Washington, VA",-0.26,"Liberal"
"384",27,5,384,33,-0.542,-0.563,100,"Minnesota","MN","None",-0.7761025501,-1.76207299690912,-0.72485994083583,-0.529731567913735,FALSE,TRUE,0,"Minneapolis",33460,0,1,-0.271,662991,26.14,99.9651872960109,"Non-Hispanic White Majority",12.0093963249444,0,0,"Minneapolis, MN",-0.0724,"Liberal"
"385",39,14,385,24,0.256,0.264,200,"Ohio","OH","Repub",0.3657745528,0.590805479349794,0.0731400591641695,0.297268432086265,TRUE,FALSE,1,"Cleveland",17460,1,1,0.403,721032,-5.4,16.3788515084229,"Non-Hispanic White Majority",1.02158283775516,0,0,"Cleveland, OH",-0.118,"Conservative"
"386",36,16,386,13,-0.408,-0.084,100,"New York","NY","Repub",-0.4429282668,-1.07555550914388,-0.59085994083583,-0.0507315679137346,FALSE,TRUE,0,"NYC",35620,0,1,-0.775,717707,24.09,99.9353953616168,"Maj-Min (Coalition)",50.9569319027825,0,1,"New York, NY",-0.3783,"Liberal"
"387",12,10,387,43,0.478,0.007,200,"Florida","FL","None",0.4809106889,0.828047592166755,0.29514005916417,0.0402684320862654,TRUE,FALSE,1,"Orlando",36740,1,1,0.136,696345,11.02,96.7538241021547,"Maj-Min (Coalition)",25.5489097440922,0,1,"Orlando, FL",-0.0138,"Conservative"
"388",26,12,388,23,-0.448,0.313,100,"Michigan","MI","Repub",-0.3178506249,-0.817828569230362,-0.63085994083583,0.346268432086265,FALSE,TRUE,0,"Detroit",19820,1,1,0.047,705974,13.83,98.8340616667985,"Non-Hispanic White Majority",4.7905847693131,0,0,"Detroit, MI",-2e-04,"Liberal"
"389",45,7,389,,,,,,,,,,,,,,,,,,,,,,,,,,,,,
"390",36,7,390,13,-0.546,-0.346,100,"New York","NY","Repub",-0.6898711942,-1.58439021409436,-0.72885994083583,-0.312731567913735,FALSE,TRUE,0,"NYC",35620,0,1,-0.775,717708,37.89,99.9990119016247,"Maj-Min (Coalition)",69.2976215096297,0,1,"New York, NY",-0.3783,"Liberal"
"391",36,2,391,13,0.26,-0.033,200,"New York","NY","Repub",0.2462781809,0.34457894523287,0.0771400591641695,0.000268432086265417,TRUE,FALSE,1,"NYC",35620,0,1,-0.775,717708,-2.74,30.7766531503765,"Non-Hispanic White Majority",5.30482335885879,1,0,"New York, NY",-0.3783,"Conservative"
"392",42,13,392,14,-0.343,-0.008,100,"Pennsylvania","PA","Repub",-0.3463265016,-0.876504128281221,-0.52585994083583,0.0252684320862654,FALSE,TRUE,0,"Philadelphia",37980,0,1,0.212,705687,15.49,99.108553673065,"Non-Hispanic White Majority",9.71344502358466,0,0,"Philadelphia, PA",-0.2616,"Liberal"
"393",8,1,393,62,-0.432,-0.312,100,"Colorado","CO","None",-0.5617335624,-1.32035805590911,-0.61485994083583,-0.278731567913735,FALSE,TRUE,0,"Denver",19740,1,1,0.04,718457,21.14,99.8404457884789,"Non-Hispanic White Majority",20.2366369606066,0,0,"Denver, CO",-0.1654,"Liberal"
"394",48,33,394,49,-0.407,0.297,100,"Texas","TX","Repub",-0.2835036281,-0.747055357919257,-0.58985994083583,0.330268432086265,FALSE,TRUE,0,"Dallas",19100,1,1,0.511,698488,22.5,99.8948436439131,"Maj-Min (Latino)",91.1543913125452,0,1,"Dallas, TX",0.0556,"Liberal"
"395",18,5,395,22,0.376,0.261,200,"Indiana","IN","Repub",0.4845271147,0.835499366446314,0.19314005916417,0.294268432086265,TRUE,FALSE,1,"Indianapolis",26900,1,1,0.548,720423,-8.94,6.15554024021862,"Non-Hispanic White Majority",1.48036144859106,0,0,"Indianapolis, IN",0.0574,"Conservative"
"396",12,16,396,,,,,,,,,,,,,,,,,,,,,,,,,,,,,
"397",12,13,397,,,,,,,,,,,,,,,,,,,,,,,,,,,,,
"398",37,8,398,47,0.675,0.185,200,"North Carolina","NC","Repub",0.7519253495,1.38648296148705,0.49214005916417,0.218268432086265,TRUE,FALSE,1,"Charlotte",16740,0,1,0.472,733499,-7.98,7.98832331251814,"Non-Hispanic White Majority",8.06126565146809,0,0,"Charlotte, NC",0.0739,"Conservative"
"399",17,2,399,21,-0.453,-0.027,100,"Illinois","IL","None",-0.4642269429,-1.11944219050497,-0.635859940835831,0.00626843208626542,FALSE,TRUE,0,"Chicago",16980,0,1,-0.428,712813,29.27,99.9865027591449,"Maj-Min (African-American)",93.5865876750783,0,1,"Chicago, IL",-0.2089,"Liberal"
"400",24,2,400,52,-0.296,0.14,100,"Maryland","MD","Dem",-0.237786222,-0.652853012912171,-0.47885994083583,0.173268432086265,FALSE,TRUE,0,"Baltimore",12580,1,1,-0.809,723447,11.08,97.4075162915625,"Non-Hispanic White Majority",30.3443602255907,0,0,"Baltimore, MD",0.0082,"Liberal"
"401",39,11,401,24,-0.587,0.121,100,"Ohio","OH","Repub",-0.5366866633,-1.26874802743954,-0.76985994083583,0.154268432086265,FALSE,TRUE,0,"Cleveland",17460,1,1,0.403,721032,31.65,99.9918110869487,"Maj-Min (African-American)",91.0304091656115,0,1,"Cleveland, OH",-0.118,"Liberal"
"402",29,5,402,34,-0.452,0.008,100,"Missouri","MO","None",-0.4486734984,-1.08739376366219,-0.63485994083583,0.0412684320862654,FALSE,TRUE,0,"Kansas City",28140,0,1,0.445,748616,7.34,89.7773319231981,"Non-Hispanic White Majority",11.8142805338188,0,0,"Kansas City, MO",0.1311,"Liberal"
"403",24,3,403,52,-0.466,-0.089,100,"Maryland","MD","Dem",-0.5030073303,-1.19935056118927,-0.64885994083583,-0.0557315679137346,FALSE,TRUE,0,"DC",47900,0,1,-0.809,720094,12.96,97.8506290403151,"Non-Hispanic White Majority",11.8168550095819,0,0,"Washington, MD",-0.3114,"Liberal"
"404",48,3,404,49,0.609,0.283,200,"Texas","TX","Repub",0.7266749941,1.33445370405851,0.42614005916417,0.316268432086265,TRUE,FALSE,1,"Dallas",19100,1,1,0.511,698488,-12.89,1.93036307539584,"Non-Hispanic White Majority",2.18171255123168,0,0,"Dallas, TX",0.0556,"Conservative"
"405",11,98,405,,,,,,,,,,,,,,,,,,,,,,,,,,,,,
"406",47,9,406,,,,,,,,,,,,,,,,,,,,,,,,,,,,,
"407",78,98,407,,,,,,,,,,,,,,,,,,,,,,,,,,,,,
"408",8,7,408,62,-0.284,0.087,100,"Colorado","CO","None",-0.2478242951,-0.673536820372817,-0.46685994083583,0.120268432086265,FALSE,TRUE,0,"Denver",19740,1,1,0.04,718456,5.58,84.518780238601,"Non-Hispanic White Majority",8.07496809994966,0,0,"Denver, CO",-0.1654,"Liberal"
"409",12,22,409,43,-0.408,-0.072,100,"Florida","FL","None",-0.4379385144,-1.06527394644856,-0.59085994083583,-0.0387315679137346,FALSE,TRUE,0,"Miami",33100,1,1,0.136,696345,5.84,85.4895938297331,"Non-Hispanic White Majority",6.9619335691997,0,0,"Miami, FL",-0.3077,"Liberal"
"410",21,3,410,,,,,,,,,,,,,,,,,,,,,,,,,,,,,
"411",6,46,411,71,-0.367,0.025,100,"California","CA","None",-0.3566046825,-0.897682686423151,-0.54985994083583,0.0582684320862654,FALSE,TRUE,0,"Los Angeles",31080,1,1,-0.587,702906,15.12,99.0092146592372,"Maj-Min (Latino)",79.8296006790875,0,1,"Los Angeles, CA",-0.3033,"Liberal"
"412",32,1,412,,,,,,,,,,,,,,,,,,,,,,,,,,,,,
"413",29,1,413,34,-0.481,-0.075,100,"Missouri","MO","None",-0.5121859525,-1.21826343943268,-0.66385994083583,-0.0417315679137346,FALSE,TRUE,0,"St. Louis",41180,0,1,0.445,748616,29.08,99.9855670104889,"Maj-Min (Coalition)",83.473217958165,0,1,"St. Louis, MO",-0.0895,"Liberal"
"414",47,7,414,,,,,,,,,,,,,,,,,,,,,,,,,,,,,
"415",17,4,415,21,-0.485,-0.263,100,"Illinois","IL","None",-0.5943587401,-1.38758339758511,-0.66785994083583,-0.229731567913735,FALSE,TRUE,0,"Chicago",16980,0,1,-0.428,712813,32.84,99.9953680791861,"Maj-Min (Latino)",92.9466587840177,0,1,"Chicago, IL",-0.2089,"Liberal"
"416",6,30,416,71,-0.342,-0.148,100,"California","CA","None",-0.4035402796,-0.994395157411915,-0.524859940835831,-0.114731567913735,FALSE,TRUE,0,"Los Angeles",31080,1,1,-0.587,702904,18.43,99.6374655035034,"Non-Hispanic White Majority",15.3188130886118,0,0,"Los Angeles, CA",-0.3033,"Liberal"
"417",6,28,417,71,-0.347,-0.128,100,"California","CA","None",-0.4002240256,-0.987561897826806,-0.52985994083583,-0.0947315679137346,FALSE,TRUE,0,"Los Angeles",31080,1,1,-0.587,702904,22.94,99.9080266272958,"Non-Hispanic White Majority",15.8450143644416,0,0,"Los Angeles, CA",-0.3033,"Liberal"
"418",15,1,418,,,,,,,,,,,,,,,,,,,,,,,,,,,,,
"419",4,9,419,61,-0.109,0.05,100,"Arizona","AZ","None",-0.088209365,-0.34464456693497,-0.29185994083583,0.0832684320862654,FALSE,TRUE,0,"Phoenix",38060,1,1,0.038,710224,3.98,77.0259684043374,"Non-Hispanic White Majority",10.6044946099934,1,0,"Phoenix, AZ",0.0363,"Liberal"
"420",39,7,420,24,0.459,0.279,200,"Ohio","OH","Repub",0.5750117433,1.02194616928046,0.27614005916417,0.312268432086265,TRUE,FALSE,1,"Cleveland",17460,1,1,0.403,721031,-11.75,2.88440256435294,"Non-Hispanic White Majority",0.801003081686692,0,0,"Cleveland, OH",-0.118,"Conservative"
"421",20,3,421,,,,,,,,,,,,,,,,,,,,,,,,,,,,,
"422",9,4,422,,,,,,,,,,,,,,,,,,,,,,,,,,,,,
"423",13,13,423,44,-0.302,0.172,100,"Georgia","GA","Repub",-0.2304802156,-0.637798726279825,-0.48485994083583,0.205268432086265,FALSE,TRUE,0,"Atlanta",12060,1,1,0.517,691976,19.75,99.7466849930402,"Maj-Min (African-American)",89.2462873407275,0,1,"Atlanta, GA",0.0714,"Liberal"
"424",48,31,424,49,0.467,0.604,200,"Texas","TX","Repub",0.7181508708,1.31688944413017,0.28414005916417,0.637268432086265,TRUE,FALSE,1,"Austin",12420,1,1,0.511,698487,-10.37,4.06970975801816,"Non-Hispanic White Majority",4.94534726317406,0,0,"Austin, TX",-0.211,"Conservative"
"425",12,25,425,43,0.277,0.09,200,"Florida","FL","None",0.314423143,0.484994068877408,0.0941400591641696,0.123268432086265,TRUE,FALSE,1,"Miami",33100,1,1,0.136,696345,-4.41,21.6020781377965,"Maj-Min (Latino)",86.4355063007239,1,1,"Miami, FL",-0.3077,"Conservative"
"426",36,22,426,,,,,,,,,,,,,,,,,,,,,,,,,,,,,
"427",37,2,427,,,,,,,,,,,,,,,,,,,,,,,,,,,,,
"428",37,9,428,47,0.563,0.316,200,"North Carolina","NC","Repub",0.6943968132,1.26794336165868,0.380140059164169,0.349268432086265,TRUE,FALSE,1,"Charlotte",16740,0,1,0.472,733498,-7.61,9.46574067033232,"Non-Hispanic White Majority",13.5311712939468,0,0,"Charlotte, NC",0.0739,"Conservative"
"429",31,2,429,,,,,,,,,,,,,,,,,,,,,,,,,,,,,
"430",26,14,430,23,-0.234,-0.209,100,"Michigan","MI","Repub",-0.3209048543,-0.824121917786495,-0.41685994083583,-0.175731567913735,FALSE,TRUE,0,"Detroit",19820,1,1,0.047,705974,29.76,99.9883036106193,"Maj-Min (African-American)",95.0002036947596,0,1,"Detroit, MI",-2e-04,"Liberal"
"431",13,14,431,44,0.752,-0.071,200,"Georgia","GA","Repub",0.7224772983,1.32580420222279,0.56914005916417,-0.0377315679137346,TRUE,FALSE,1,"Atlanta",12060,1,1,0.517,691974,-27.32,0.0243007236126881,"Non-Hispanic White Majority",0.791083309668728,0,0,"Atlanta, GA",0.0714,"Conservative"
"432",48,11,432,49,0.591,0.354,200,"Texas","TX","Repub",0.7381976958,1.35819664167362,0.40814005916417,0.387268432086265,TRUE,FALSE,1,"Dallas",19100,1,1,0.511,698488,-31.78,0.00620587673920932,"Non-Hispanic White Majority",3.42378520556069,0,0,"Dallas, TX",0.0556,"Conservative"
"433",39,13,433,,,,,,,,,,,,,,,,,,,,,,,,,,,,,
"434",47,5,434,,,,,,,,,,,,,,,,,,,,,,,,,,,,,
"435",36,25,435,,,,,,,,,,,,,,,,,,,,,,,,,,,,,
"436",42,3,436,14,0.318,0.504,200,"Pennsylvania","PA","Repub",0.5275696008,0.924189943437622,0.13514005916417,0.537268432086265,TRUE,FALSE,1,"Pittsburgh",38300,1,1,0.212,705688,-11.49,2.91012149738917,"Non-Hispanic White Majority",0.829171593925887,0,0,"Pittsburgh, PA",0.0203,"Conservative"
"437",2,0,437,,,,,,,,,,,,,,,,,,,,,,,,,,,,,
"438",6,35,438,71,-0.437,0.035,100,"California","CA","None",-0.4224465555,-1.03335221287642,-0.619859940835831,0.0682684320862654,FALSE,TRUE,0,"Los Angeles",31080,1,1,-0.587,702905,18.63,99.6588275706246,"Maj-Min (Latino)",88.8814198745748,0,1,"Los Angeles, CA",-0.3033,"Liberal"
"439",6,41,439,71,-0.471,-0.223,100,"California","CA","None",-0.5637262321,-1.32446402286082,-0.65385994083583,-0.189731567913735,FALSE,TRUE,0,"Riverside",40140,1,1,-0.587,702904,12.31,97.6981714183037,"Maj-Min (Latino)",66.1280108759128,0,1,"Riverside, CA",-0.034,"Liberal"
"440",12,14,440,,,,,,,,,,,,,,,,,,,,,,,,,,,,,
"441",53,10,441,73,-0.316,-0.119,100,"Washington","WA","None",-0.3654817113,-0.915974120714639,-0.49885994083583,-0.0857315679137346,FALSE,TRUE,0,"Seattle",42660,1,1,-0.352,672455,5.47,84.1565208120199,"Non-Hispanic White Majority",3.36354943053456,0,0,"Seattle, WA",-0.3465,"Liberal"
